open_library_id,title,authors,first_publish_year,edition_count,primary_language,language_count,has_full_text
OL10000128W,Muhadarat fi al-siyasah wa-al-marifah,Ghassan Tuwayni,1997.0,1,ara,1,False
OL10000190W,La bioéthique,Valérie Marange,1998.0,1,fre,1,True
OL10000213M,"Parliamentary Debates, Dcxl",Unknown,2003.0,1,eng,1,False
OL10000214M,Parliamentary Debates Fifth Series,Unknown,2003.0,1,eng,1,False
OL10000219M,Parliamentary Debates Fifth Series,Unknown,2003.0,1,eng,1,False
OL10000220M,Parliamentary Debates Fifth Series,Unknown,2003.0,1,eng,1,False
OL10000222M,Parliamentary Debates Fifth Series,Unknown,2003.0,1,eng,1,False
OL10000229M,"Parliamentary Debates, House Of Lords",Unknown,2004.0,1,eng,1,False
OL10000231M,"Parliamentary Debates, House of Lords - Bound Volumes",Unknown,2005.0,1,eng,1,False
OL10000234M,Parliamentary Debates (House of Lords Official Report),Unknown,2005.0,1,eng,1,False
OL10000235M,House of Lords Official Report (Parliamentary Debates Hansard Session 2005-06),Unknown,2005.0,1,eng,1,False
OL10000236M,House of Lords Official Report (Parliamentary Debates Hansard Session 2005-06),Unknown,2005.0,1,eng,1,False
OL10000239M,House of Lords Official Report 5th Series,Unknown,2006.0,1,eng,1,False
OL10000251M,Journals of the House of Lords,Unknown,2005.0,1,eng,1,False
OL10000252M,Journals of the House of Lords,Unknown,2005.0,1,eng,1,False
OL10000586W,Une theórie de l'Et́at esclavagiste,Gérard Hugues,2004.0,1,fre,1,False
OL10000988W,La bulle,Nathalie Brion,2006.0,2,fre,1,False
OL10001042W,Religions de guérison,Régis Dericquebourg,1988.0,1,fre,1,False
OL1000123W,All the Way to the Gallows,David Drake,1996.0,1,eng,1,True
OL1000124W,An Oblique Approach,David Drake,1998.0,2,eng,1,True
OL1000127W,Battlestation,David Drake,1992.0,1,eng,1,True
OL10001281W,Gauche-Droite,Marc Riglet-Chevanche,2002.0,1,fre,1,False
OL1000130W,The butcher's bill,David Drake,1998.0,1,eng,1,True
OL1000132W,The Complete Hammer's Slammers Volume 1 (Complete Hammer's Slammers),David Drake,2009.0,1,eng,1,False
OL1000134W,The Complete Hammer's Slammers Volume 3,David Drake,2007.0,1,eng,1,False
OL1000135W,Crisis of empire,David Drake,1988.0,1,eng,1,False
OL1000136W,"Dagger (Thieves World Novel, No 5)",David Drake,1988.0,1,eng,1,True
OL1000147W,Explorers in hell,David Drake,1989.0,1,eng,1,True
OL1000148W,The far side of the stars,David Drake,2003.0,1,eng,1,True
OL1000149W,"Fireships (Igniting the Reaches , No 3)",David Drake,1997.0,1,eng,1,False
OL1000151W,Fortress,David Drake,1987.0,1,eng,1,False
OL1000152W,Fortress (Tom Kelly),David Drake,1988.0,1,eng,1,True
OL1000157W,Grimmer than hell,David Drake,2003.0,1,eng,1,True
OL1000160W,Igniting the reaches,David Drake,1994.0,1,eng,1,True
OL1000162W,In the stormy red sky,David Drake,2009.0,1,eng,1,True
OL1000163W,"Justice (Northworld, 3)",David Drake,1992.0,1,eng,1,True
OL1000164W,Lacey and His Friends,David Drake,1986.0,1,eng,1,False
OL1000169W,"MEN HUNTING THINGS (Starhunters, Vol 1)",David Drake,1988.0,1,eng,1,True
OL1000173W,Northworld Trilogy,David Drake,1999.0,1,eng,1,True
OL10001769W,Science-fiction et soucoupes volantes,Bertrand Méheust,1978.0,1,fre,1,False
OL1000178W,The reaches,David Drake,2004.0,1,eng,1,True
OL1000180W,Rolling Hot,David Drake,1989.0,1,eng,1,True
OL1000185W,"Some Golden Harbor (RCN - Lt. Leary, Book 5)",David Drake,2006.0,1,eng,1,True
OL1000186W,The Square Deal,David Drake,1993.0,1,eng,1,True
OL1000190W,Surface Action,David Drake,1990.0,1,eng,1,True
OL1000193W,The Tank Lords (Hammer's Slammer's),David Drake,1997.0,1,eng,1,False
OL1000196W,Through the breach,David Drake,1995.0,1,eng,1,False
OL1000201W,Tyrannosaur,David Drake,1994.0,1,eng,1,False
OL1000203W,The voyage,David Drake,1994.0,1,eng,1,True
OL1000204W,The Voyage (Hammer Universe),David Drake,1995.0,1,eng,1,False
OL1000206W,The Way to Glory,David Drake,2005.0,1,eng,1,True
OL1000207W,The Way to Glory (RCN),David Drake,2007.0,1,eng,1,True
OL1000210W,Counting the cost,David Drake,1987.0,2,eng,1,True
OL1000211W,Cross The Stars (Hammer Universe),David Drake,1984.0,2,eng,1,True
OL1000212W,Fireships,David Drake,1996.0,2,eng,1,True
OL1000216W,The Jungle,David Drake,1991.0,2,eng,1,True
OL1000220W,Northworld,David Drake,1990.0,2,eng,1,True
OL1000221W,Other Times Than Peace,David Drake,2006.0,2,eng,1,True
OL1000223W,Ranks of Bronze,David Drake,1986.0,2,eng,1,True
OL1000224W,Servant of the Dragon,David Drake,1999.0,2,eng,1,True
OL10002267W,1000 tests psychotechniques corrigés,André Combres,2003.0,2,eng,1,False
OL1000226W,Skyripper,David Drake,1983.0,3,eng,1,True
OL1000227W,Time Safari,David Drake,1982.0,2,eng,1,True
OL1000230W,Bridgehead,David Drake,1986.0,3,eng,1,True
OL1000236W,The Forlorn Hope,David Drake,1984.0,4,eng,1,True
OL1000237W,Hammer's Slammers,David Drake,1983.0,4,und,2,True
OL10002440W,La Science de la première personne,Douglas Edison Harding,1998.0,1,fre,1,True
OL10002831W,La Charîa et l'Occident,Jean-Paul Charnay,2001.0,1,fre,1,False
OL100028W,The Antilles,Derek Walcott,1993.0,3,eng,1,False
OL1000298W,All our yesterdays,John Peel,1986.0,1,eng,1,False
OL1000299W,The animated voyages begin,John Peel,1987.0,1,eng,1,False
OL1000300W,"Assignment, Earth",John Peel,1986.0,1,eng,1,False
OL1000303W,Book of magic,John Peel,1997.0,3,eng,1,True
OL1000304W,Book of Names,John Peel,2004.0,1,eng,1,False
OL1000308W,Book of signs,John Peel,2004.0,1,eng,1,False
OL1000309W,Book of Thunder,John Peel,1997.0,4,eng,1,True
OL1000310W,The change,John Peel,1999.0,1,eng,1,False
OL1000311W,Danger awaits,John Peel,1986.0,1,eng,1,False
OL1000316W,Double disaster!,John Peel,2002.0,2,eng,1,True
OL10003172W,Didactique Des Sciences Economiques Et Sociales,Alain Legardez,2001.0,1,Unknown,0,False
OL1000317W,The Enterprise incident,John Peel,1986.0,1,eng,1,False
OL1000318W,Field trip,John Peel,1995.0,1,eng,1,True
OL1000320W,The Fireball XL5 files,John Peel,1987.0,1,eng,1,False
OL1000321W,Firestorm,John Peel,2000.0,1,eng,1,True
OL1000323W,The Gerry Anderson's Stingray files,John Peel,1987.0,1,eng,1,False
OL1000326W,Star Trek The Next Generation - Here There Be Dragons,John Peel,1993.0,3,eng,1,True
OL1000328W,International rescue,John Peel,1986.0,1,eng,1,False
OL1000329W,Island in the sky,John Peel,1987.0,1,eng,1,False
OL1000332W,The lost,John Peel,1997.0,3,eng,1,True
OL1000333W,Lost in Vegas!,John Peel,1998.0,1,eng,1,True
OL10003384M,Annual Report of Her Majesty's Chief Inspector of Constabulary for Scotland 2004/2005,Unknown,2005.0,1,eng,1,False
OL10003391M,Fisheries Research Services Report and Accounts 2005-2006,Unknown,2006.0,1,eng,1,False
OL10003392M,Scottish Fisheries Protection Agency Annual Report and Accounts 2005-2006,Unknown,2006.0,1,eng,1,False
OL10003414W,Spectre automorphe des variétés hyperboliques et applications topologiques,Nicolas Bergeron; Laurent Clozel,2005.0,2,fre,2,False
OL1000341W,Star Trek Deep Space Nine - Prisoners of Peace,John Peel,1994.0,3,eng,1,True
OL1000342W,Return to tomorrow,John Peel,1986.0,1,eng,1,False
OL1000350W,That which survives,John Peel,1987.0,1,eng,1,False
OL1000351W,The Tholian web,John Peel,1987.0,1,eng,1,False
OL1000353W,"Uptime, downtime",John Peel,1992.0,1,eng,1,True
OL1000354W,The vanished,John Peel,1998.0,2,eng,1,True
OL1000355W,Doctor Who - War of the Daleks,John Peel,1997.0,2,eng,1,False
OL1000356W,War of the robots,John Peel,1987.0,1,eng,1,False
OL1000363W,Where no man has gone before,John Peel,1987.0,1,eng,1,False
OL1000364W,Whom gods destroy,John Peel,1987.0,1,eng,1,False
OL1000366W,the Daleks' masterplan,John Peel,1989.0,2,eng,1,True
OL1000368W,The time shifter,John Peel,1997.0,3,eng,1,True
OL1000370W,Files magazine spotlight on Doctor Who,John Peel,1987.0,3,eng,1,True
OL1000371W,Doctor Who,John Peel,1987.0,4,eng,1,False
OL1000381W,"Prom time. (Sabrina, The Teenage Witch No. 21)",David Cody Weiss; Bobbi J. G. Weiss; Bobbi Weiss; David Cody,1999.0,6,eng,1,True
OL1000384W,Salem on Trial (Sabrina the Teenage Witch #8),"David Cody Weiss; Bobbi J.G, Weiss",1998.0,3,eng,1,True
OL10003908W,Conquête de l'éternel,Dominique André,1947.0,1,fre,1,False
OL1000393W,Biofire,Ray Garton,1999.0,1,eng,1,False
OL10004112W,"Le jeu des coïncidences dans ""la Vie mode d'emploi"" de Georges Perec",Chassay J-F.,1997.0,1,fre,1,False
OL10004214W,"Le Droit, l'informatique et l'arbitraire",Bousez,1995.0,1,fre,1,False
OL10004232W,Saint-Denis et la royauté,Francoise Autrand,2000.0,1,fre,1,False
OL10004561W,Les Pneumatiques d'Héron d'Alexandrie,Argoud Guillaum; Hero of Alexandria,1997.0,2,grc,2,False
OL10004562W,Science et vie intellectuelle à Alexandrie,Argoud Guillaum,1997.0,1,eng,2,False
OL10004815W,Vox populi vox dei,Poizat,2001.0,1,fre,1,False
OL1000512W,Millennium,"Gannett, Lewis.",1997.0,1,eng,1,False
OL10005151W,Le contrôle dans les systèmes à base de connaissances,Bruno Bachimont,1994.0,2,fre,1,False
OL10005284M,House of Commons Standing Committee Debates - Bound Volumes (Parliamentary Debates: House of Commons Official Report - Session 1996-97),Unknown,2000.0,1,eng,1,False
OL10005288M,House of Commons Standing Committee Deba Tes - Bound Volumes 1996-97 (Parliamentary Debates: House of Commons Official Report - Session 1996-97),Unknown,2000.0,1,eng,1,False
OL10005292M,House of Commons Standing Committee Deba Tes - Bound Volumes 1996-97 (Parliamentary Debates: House of Commons Official Report - Session 1996-97),Unknown,2000.0,1,eng,1,False
OL10005296M,House of Commons Standing Committee Deba Tes - Bound Volumes 1996-97 (Parliamentary Debates: House of Commons Official Report - Session 1996-97),Unknown,2000.0,1,eng,1,False
OL10005300M,House of Commons Standing Committee Deba Tes - Bound Volumes 1996-97 (Parliamentary Debates: House of Commons Official Report - Session 1996-97),Unknown,2000.0,1,eng,1,False
OL10005304M,House of Commons Standing Committee Deba Tes - Bound Volumes 1996-97 (Parliamentary Debates: House of Commons Official Report - Session 1996-97),Unknown,2000.0,1,eng,1,False
OL10005548W,"Fànic, fàl·lic, fàtic",Jean-Marie Pradier,1998.0,1,cat,1,False
OL10005601W,Mannerbund und Wissenschaft,Alfred Baeumler,1940.0,1,ger,1,False
OL10005677W,Christianisme et théorie de l'information,P. Gagnon,1998.0,1,fre,1,False
OL10005709W,Vrai secret de la droite,C. Reichmann,2003.0,1,fre,1,False
OL10005739W,Les Sciences annexes en histoire du Moyen âge,Merdrignac / Chedeville,1998.0,1,fre,1,False
OL10005848W,L'etat l'armée la science,P. Bret,2002.0,1,fre,1,False
OL10005872W,Méthode et statistique expérimentales en sciences humaines,Patrick Rateau,2001.0,1,fre,1,False
OL10006057W,Science et technologie,Y. Okubo,2000.0,1,Unknown,0,False
OL10006229W,The Study of Africa Volume 1,Tiyambe Zeleza,2006.0,1,eng,1,True
OL10006230W,The Study of Africa Volume 2,Tiyambe Zeleza,2006.0,2,eng,1,True
OL10006273W,Dictionnaire général des sciences humaines par Georges Thinès et Agnès Lempereur,Georges Thinès,1975.0,1,fre,1,False
OL10006328W,Défense des sciences humaines,Richelle M,1997.0,1,fre,1,False
OL10006394W,Europe de l'extrême droite,Duranton Cabrol,1997.0,1,fre,1,False
OL1000639W,Spooksville - The Creature in the Teacher,Christopher Pike,1996.0,3,spa,2,True
OL10006417W,Le mythe Machiavel,Michel Berges,2000.0,1,fre,1,False
OL10006437W,Politique et philosophie chez Aristote,Bodéüs R.,1991.0,1,fre,1,False
OL10006646W,Dieu,Edouard Boné,1999.0,1,fre,1,False
OL10006647W,"Dieu, hypothèse inutile?",Edouard Boné,1999.0,1,fre,1,False
OL10006648W,Itinéraires bioéthiques,Edouard Boné,1990.0,1,fre,1,False
OL10006994W,Les femmes et la science,Gérard Chazal,2006.0,1,fre,1,False
OL10007077W,Cerveau dans tous ses etats,Sicard Monique Pres,1998.0,1,fre,1,True
OL10007250W,De l'individu au citoyen,Soumaya Mestiri,2007.0,1,fre,1,False
OL10007516W,Armées et sociétés de la Grèce classique,Prost Francis,1999.0,1,Unknown,0,False
OL10007577W,Sciences et valeurs,Gérard Huber,1999.0,1,fre,1,False
OL10007994W,L' ordre et la volupté,Roland Fivaz,1989.0,3,fre,1,True
OL10008012W,Karl Popper ou La connaissance sans certitude,André Verdan,1991.0,1,fre,1,False
OL1000802W,Star Group,Christopher Pike,1997.0,4,eng,1,True
OL1000803W,The Starlight Crystal,Christopher Pike,1996.0,3,eng,1,True
OL1000804W,The Tachyon Web,Christopher Pike,1986.0,5,eng,1,True
OL100080W,An Armory of Swords,Fred Saberhagen,1995.0,3,eng,1,True
OL10008104W,Etat paternaliste ou Etat minimal,Karl Popper,1997.0,2,fre,1,False
OL10008121W,Francois Simiand (Reimpression),M. Cedronio,1987.0,1,eng,2,False
OL1000813W,The visitor,Christopher Pike,1995.0,4,eng,1,True
OL100081W,An old friend of the family,Fred Saberhagen,1979.0,2,eng,1,False
OL100083W,The arrival,Fred Saberhagen,1999.0,2,eng,1,False
OL10008448W,The cosmic microwave background,Ruth Durrer,2008.0,8,eng,1,False
OL100084W,Brother assassin,Fred Saberhagen,1969.0,2,eng,1,True
OL10008532W,L'urgence de la tendresse,Boily,2001.0,1,fre,1,True
OL100089W,The First Book of Lost Swords,Fred Saberhagen,1988.0,2,eng,1,False
OL100092W,Gene Roddenberry's Earth: Final Conflict--The Arrival (Earth: Final Conflict),Fred Saberhagen,1999.0,2,eng,1,True
OL100093W,Golden People,Fred Saberhagen,1984.0,2,eng,1,True
OL10009411W,Solitaire a L'Infini,Josee Plourde,1998.0,1,fre,1,True
OL100095W,The Mask of the Sun,Fred Saberhagen,1981.0,2,eng,1,False
OL10009728W,La Santé de votre enfant,Docteur Michel Weber; Max Weber,2001.0,2,fre,1,True
OL100097W,Octagon,Fred Saberhagen,1981.0,2,eng,1,True
OL10010176M,The Docking of Pigs (Use of Anaesthetics) Order 1974,Unknown,1974.0,1,Unknown,0,False
OL100102W,Thorn,Fred Saberhagen,1980.0,2,eng,1,False
OL100103W,The First Book of Lost Swords,Fred Saberhagen,1986.0,2,eng,1,True
OL100107W,Earth Descended,Fred Saberhagen,1981.0,3,eng,1,True
OL100108W,Shiva in Steel,Fred Saberhagen,1998.0,3,eng,1,True
OL100110W,Ultimate Enemy,Fred Saberhagen,1981.0,3,eng,1,True
OL100111W,Berserker Fury,Fred Saberhagen,1997.0,4,eng,1,True
OL100112W,The Berserker Throne,Fred Saberhagen,1985.0,4,eng,1,True
OL10011325W,ENCYCLOPEDIE DES FORCES SPECIALES DU MONDE TOME I,JeanPierre Husson,2001.0,1,fre,1,False
OL100115W,Veils of Azlaroc,Fred Saberhagen,1978.0,4,eng,1,True
OL10011640W,"Lire, comprendre, rédiger des textes théoriques",Catherine Schnedecker,2001.0,2,fre,1,False
OL100117W,Berserker Wars,Fred Saberhagen,1981.0,5,eng,1,True
OL100118W,The Holmes-Dracula File,Fred Saberhagen; Robin Bloodworth; Fred Saberhagen,1978.0,10,eng,1,True
OL100120W,Berserker Man,Fred Saberhagen,1979.0,7,eng,1,True
OL1001221W,Framework for science education in Germany,Kurt Riquarts,1997.0,3,eng,2,False
OL10012274W,"Convito morale per gli etici, economici, e politici ordinato et intrecciato, si della ragion di stato, come delle principali materie militari",Pio Rossi,1900.0,1,ita,1,False
OL100122W,Berserker's Planet,Fred Saberhagen,1980.0,7,eng,1,True
OL100123W,Empire of the East,Fred Saberhagen,1979.0,13,eng,1,True
OL100125W,Berserker,Fred Saberhagen,1967.0,11,eng,1,True
OL10012643W,L'homme entre science et foi,Paoletti J,1999.0,1,fre,1,False
OL10013037W,De la société à l'histoire,Tony Andreani,1989.0,1,fre,1,False
OL1001356W,Gilberto Freyre e os grandes desafios do século XX,Manuel Correia de Oliveira Andrade,2002.0,1,por,1,False
OL10013602W,Ubïq,Mathieu Briand,2008.0,1,fre,1,False
OL10013639W,La Biologie de Dieu,Patrick Jean-Baptiste,2003.0,1,fre,1,False
OL10013700W,M1 ABRAMS (Materiels Militaires Du Monde),Yves Debay,2006.0,1,fre,1,False
OL10013813W,Jeux de sciences,Marcel Thouin,1990.0,1,fre,1,False
OL10013814W,Jeux de sciences 2,Marcel Thouin,1993.0,1,fre,1,False
OL10013815W,"Jeux de sciences, La matière",Marcel Thouin,1990.0,1,fre,1,False
OL10013816W,"Jeux de sciences, L'espace",Marcel Thouin,1990.0,1,fre,1,False
OL10013817W,"Jeux de sciences, Le temps",Marcel Thouin,1990.0,1,fre,1,False
OL10013818W,"Jeux de sciences, L'énergie",Marcel Thouin,1990.0,1,fre,1,False
OL10013821W,Scienti-jeux 2,Marcel Thouin,1993.0,1,fre,1,False
OL10013822W,"Scienti-jeux, la vie et l'environnement",Marcel Thouin,1989.0,1,fre,1,False
OL10013823W,"Scienti-jeux, L'espace",Marcel Thouin,1989.0,1,fre,1,False
OL10013824W,"Scienti-jeux, Le temps",Marcel Thouin,1989.0,1,fre,1,False
OL10013825W,"Scienti-jeux, l'énergie",Marcel Thouin,1989.0,1,fre,1,False
OL1001388W,Poder político e produção do espaço,Manuel Correia de Oliveira Andrade,1984.0,1,por,1,False
OL10014217W,"De beaux lendemains ? histoire, societe et politique dans la science-fiction",P. G. /Gyger Haver,2002.0,1,fre,1,False
OL10014249W,La construction des sciences,Gérard Fourez,1988.0,2,fre,1,False
OL1001464W,"Ciência, ideologia e poder",Pedro Demo,1988.0,1,por,1,False
OL1001476W,Herrschaft und Geschichte,Pedro Demo,1973.0,1,ger,1,False
OL10014828W,"Das Heer 1950 bis 1970: Konzeption, Organisation, Aufstellung",Helmut R. Hammerich,2006.0,1,ger,1,False
OL10014926W,Entzweiungen: die Krise der Ehe um 1900,Caroline Arni,,1,ger,1,False
OL10015106W,Friedrich Nietzsche and the politics of history,Christian Emden,2008.0,1,eng,1,False
OL10015109W,Walter Benjamin Arch aologie der Moderne: Kulturwissenschaft um 1930,Christian Emden,,1,ger,1,False
OL10015129W,What Practitioners of Tcm Should Know,Friedrich G. Wallner,2006.0,2,eng,1,False
OL10015161W,Naissance De La Science Dans L'italie Antique Et Moderne,Luigi Di Poli,2004.0,1,fre,1,False
OL10015207W,Le Traitement de Problemes Lexicaux Lors de Discussions Scientifiques En Situation Plurilingue,Johanna Miecznikowski,2005.0,1,Unknown,0,False
OL10015226W,Literatura Y Poder,Aleman Manuel Maldonado,2005.0,1,spa,1,False
OL10015315W,Aristoteles,E. Schuetrumpf,1991.0,2,ger,1,False
OL1001531W,Pactos políticos,Luiz Carlos Bresser Pereira,1985.0,2,por,1,False
OL10015331W,"August Der Starke (Sitzungsberichte Der Saechsischen Akademie Der Wissenschaften Zu Leipzig, Phil.-hist. Klasse)",K. Czok,1991.0,1,ger,1,False
OL10015370W,Philosophie Der Demokratie Bei Kant Und Popper Zum Verhaeltnis Von Freiheit Und Verantwortung,Doering,1995.0,1,eng,2,False
OL10015371W,Zufall Der Forschung Aspekte Zur Kunst Der Erkennt Nis,Doering,1992.0,1,eng,2,False
OL10015429W,Das Vexierbild DES Politischen Dolf Sternberger Als Politischer Aristoteliker,J Pannier,1996.0,1,eng,2,False
OL1001543W,Para ler Fernando Henrique Cardoso,Roberto Goto,1998.0,1,por,1,False
OL10015450W,Carl Schmitts Reichsordnung. Strategie für einen europäischen Grossraum,Felix Blindow,1999.0,1,Unknown,0,False
OL10015468W,Moralkommunikation der Macht: politische Konstruktion sozialer Koh asion im Wohlfahrtsstaat,Karsten Fischer,,1,ger,1,False
OL10015472W,Aby Warburgs Theorie der Kultur: Detail und Sinnhorizont,Bernd Villhauer,2002.0,2,ger,1,False
OL10015481W,Transcultural Wars from the Middle Ages to the 21st Century,ed. Hans-Henning Kortum,2006.0,2,eng,1,False
OL10015513W,"Biographisch-Literarisches Handwerterbuch Der Exakten Naturwissenschaften, J. C. Poggendorff - Datenbank Update",Johann Christian Poggendorff,2003.0,1,ger,1,False
OL10015515W,Biographisch Literarisches Handworterbuch Der Exakten Naturwissenschaften Band 8 Teil 2 L 3&4,Johann Christian Poggendorff,2003.0,1,ger,1,False
OL10015573W,Lehrbuch der Bodenkunde,Hans Joachim Fiedler,1964.0,1,ger,1,False
OL10015588W,Biographisch-Literarisches Handworterbuch Der Exakten Naturwissenschaften,Johann Christian Poggendorff,1991.0,6,ger,1,True
OL1001568W,Antologia,Ruy Barbosa,1953.0,1,por,1,False
OL10016115W,Automatic Semantic Interpretation,Jan Van Bakel,1985.0,2,eng,1,True
OL10016128W,Reading Cases and Exercises,P. Blunt,1993.0,1,eng,1,True
OL10016139W,Scienta Und Ars IM Hoch Und Spatmit 2VOL,I Cramer Ruegenberg,1994.0,2,eng,3,False
OL10016191W,Sprache Und Sprachen in Den Wissenschaften,Herausgegeben Von Herbert Ernst Wiegand,1999.0,1,ger,1,False
OL10016208W,Fardinand Tonnies Gesamtausgabe / Tg,Herausgegeben Von Arno Mohr,1999.0,1,eng,2,False
OL10016211W,Information and library science source book,Schutze,1972.0,1,eng,1,False
OL10016287W,Urkunde Und Experiment,Ulrich Moustakas,2003.0,2,ger,1,False
OL1001629W,Rui Barbosa e o exército,Ruy Barbosa,1949.0,1,por,1,False
OL10016317W,Neuzeitliches Denken,Abel Gunter,2002.0,4,eng,3,False
OL10016335W,"Weltmacht und Weltordnung: der Krieg im Irak, die amerikanische Sicherheitspolitik, Europa und Deutschland",Hans Martin Sieg,2004.0,1,ger,1,False
OL10016355W,Health Promotion and Disease Prevention in the Family,Karl E Bergmann,2003.0,2,eng,1,True
OL10016368W,Kants Ubergangskonzeption im Opus Postumum,Dina Emundts,2004.0,1,ger,1,False
OL10016377W,Von Gnathon Zu Saturio,Andrea Antonsen-Resch,2005.0,3,ger,1,False
OL10016501W,Die Deutsche Frage in Wissenschaft und Unterricht,Horst Müller,1981.0,1,ger,1,False
OL1001674W,A construção da ordem,José Murilo de Carvalho,1980.0,1,por,1,False
OL1001676W,A formação das almas,José Murilo de Carvalho,1990.0,4,eng,3,True
OL1001731W,Ideologías de la burguesía industrial en sociedades dependientes (Argentina y Brasil),Fernando Henrique Cardoso,1971.0,1,spa,1,False
OL1001746W,Politique et développement dans les sociétés dépendantes,Fernando Henrique Cardoso,1971.0,1,fre,1,False
OL1001747W,Política e desenvolvimento em sociedades dependentes,Fernando Henrique Cardoso,1971.0,1,por,1,False
OL100174W,Digging to the center of the earth,Michael Anthony Steele,1999.0,2,eng,1,True
OL100178W,Winx club,Michael Anthony Steele,2005.0,2,eng,1,True
OL10018293W,Die Methode der wissenschaftlichen Revolution,Michael Jäger,1985.0,1,ger,1,False
OL10018294W,Die Ästhetik als Antwort auf das kopernikanische Weltbild,Michael Jäger,1984.0,1,ger,1,False
OL1001849W,O país das alianças,Marcel Bursztyn,1990.0,1,por,1,False
OL10018691W,"KOMPENDIUM DER GRUNDLAGENSTATISTIK FÜR SOZIOLOGEN, PÄDAGOGEN, PSYCHOLOGEN, VOLKSWIRTE",Hans-Werner Müller,1979.0,1,ger,1,False
OL1001891W,Sobre o modo capitalista de pensar,José de Souza Martins,1978.0,1,por,1,False
OL10018934W,"Berner Reihe philosophischer Studien, Band 30: Methodologie der qualitativen Sozialforschung: eine Kritik",Heiko Holweg,2005.0,1,ger,1,False
OL10020055W,Wissenschaft als Ideologie,Alexander Pechmann,1998.0,1,ger,1,False
OL10020139W,Early Modern Humans at the Moravian Gate,Maria Teschler-Nicola,2006.0,3,eng,1,True
OL10020183W,Pathologie in Fallstudien,Roland Sedivy,2006.0,2,ger,1,False
OL10020191W,Das Geheimnis des Kiver,Leonhard Kubizek,2006.0,1,ger,1,False
OL10020212W,Auslieferung und Europäischer Haftbefehl,Verena Murschetz,2007.0,1,ger,1,False
OL10020219W,Gerechtigkeit als Zufall,Fabian Steinhauer,2007.0,2,ger,1,False
OL10020316W,Rotating Fluids in Geophysical and Industrial Applications,E.J. Hopfinger,2000.0,1,eng,1,False
OL10020317W,Informatics Education - The Bridge between Using and Understanding Computers,Roland Mittermeir,2006.0,2,eng,1,False
OL10020318W,Shifting Paradigms in Software Engineering,Roland Mittermeir,1992.0,3,eng,1,False
OL10020394W,Empirische Herrschaftstheorie,Norbert Müller,1979.0,1,ger,1,False
OL10020399W,"Psychiatry, Psychoimmunology, and Viruses (Key Topics in Brain Research)",Norbert Müller,1999.0,1,eng,1,True
OL10020411W,"Design, Specification And Verification Of Interactive Systems '99 (Eurographics)",David J Duke,1999.0,1,eng,1,False
OL10020421W,Herrschaft in der modernen Gesellschaft,Michael Bruch,2000.0,2,ger,1,False
OL10020849W,New Public Management,Donatella Pulitano,2000.0,1,ger,3,False
OL10020897W,Toleranz ohne Grenzen? Globale Realitäten und die politische Kultur der Schweiz,Katja Gentinetta,2002.0,1,ger,1,False
OL10020967W,Mediengeschichte vor und nach Gutenberg,Horst Wenzel,2007.0,1,ger,1,False
OL10021598W,Anti-Virus Für Dummies,G. Wirth,2004.0,2,ger,1,True
OL1002183W,Política,João Ubaldo Ribeiro,1988.0,1,por,1,False
OL10021956W,Die Neue Rechte und die Berliner Republik,Friedemann Schmidt,2001.0,2,ger,1,False
OL1002227W,Ciência e tecnologia,Roberto Amaral,2003.0,3,por,1,False
OL1002228W,Ciência e tecnologia a serviço do progresso e da inclusão social,Roberto Amaral,2003.0,1,por,1,False
OL10022292W,Ist sozialistischer Kapitalismus möglich?,Klaus Blessing,2003.0,1,Unknown,0,False
OL10022377W,Der Einfluss der Kirche auf die moskowitische Staatsidee,Hans-Dieter Döpmann,1967.0,2,ger,1,False
OL10022834W,Learning with Recurrent Neural Networks,Barbara Hammer,2000.0,2,eng,1,False
OL10023287M,"Kew Bulletin, No 2, 1999",Unknown,1999.0,1,eng,1,False
OL10023288M,"Kew Bulletin, No 3, 1999",Unknown,1999.0,1,eng,1,False
OL10023325M,Nafe in Practice (An HMI Survey),Unknown,1987.0,1,Unknown,0,False
OL10023464M,The Development and Learning of Science,Unknown,1994.0,1,Unknown,0,False
OL10023465M,Communicating in Science Lessons,Unknown,1994.0,1,Unknown,0,False
OL10023466M,Science Practical Work,Unknown,1994.0,1,Unknown,0,False
OL10023467M,Valuing the Individual in Science,Unknown,1994.0,1,Unknown,0,False
OL10023468M,Science and the Whole Curriculum,Unknown,1994.0,1,Unknown,0,False
OL10023500M,The National Curriculum,Unknown,1996.0,1,Unknown,0,False
OL10023763W,Fremdheit und Integration,Erol Yildiz,1999.0,2,ger,1,False
OL1002382W,A espinha dorsal da memória,Braulio Tavares,1989.0,2,por,1,False
OL10024109W,Naturwissenschaft heute,Hans Walter Bähr,1965.0,1,ger,1,False
OL10024223W,Der Zweifel des Anarchisten,Peter Rinderle,2005.0,1,ger,1,False
OL10024224W,Der Zweifel des Anarchisten,Peter Rinderle,,1,ger,1,False
OL10024226W,Politische Vernunft,Peter Rinderle,1997.0,1,ger,1,False
OL10024259W,Wissenschaftliche Politik,Dieter Oberndörfer,1966.0,1,ger,1,False
OL10024290W,Politische Reform in der Demokratie,Hans Vorländer,2005.0,2,ger,1,False
OL10024362W,Forensische Schriftgutachten,Angelika Seibt,1999.0,1,Unknown,0,False
OL10024400W,"Charles Darwin und die Dynamik der Schöpfung. Unser Kosmos, unser Leben",Günter Altner,2002.0,1,ger,1,False
OL1002459W,Moços e moças para um bom partido,Marlene de Fáveri,1998.0,1,por,1,False
OL10024733W,"Pädagogik, Wissenschaft, Bildung",Birgitt Feldmann,1997.0,1,ger,1,False
OL1002509W,Política em Espinosa,Marilena de Souza Chauí,2000.0,2,por,1,True
OL100258W,"Jackie, Ethel, Joan",J. Randy Taraborrelli,2000.0,6,eng,1,True
OL1002618W,Ciência e liberdade,J. Leite Lopes,1998.0,1,por,1,False
OL1002619W,Ciência e libertacão,J. Leite Lopes,1969.0,1,por,1,False
OL1002620W,Ciência e libertação,J. Leite Lopes,1978.0,1,por,1,False
OL1002634W,Unificando as forças da natureza,J. Leite Lopes,2001.0,1,por,1,False
OL1002635W,Ciência e desenvolvimento,J. Leite Lopes,1964.0,3,por,1,False
OL10026475W,Politischer Protest und Stabilität,Harald Mehlich,1983.0,1,ger,1,False
OL10026598W,Die Kunst zu überzeugen,Albert Thiele,1988.0,8,ger,1,False
OL10026790W,Wissenschaftssprache und populärwissenschaftliche Vermittlung,Jürg Niederhauser,1999.0,1,ger,1,False
OL10026817W,Die Tugend der Augen,Bernd Mayerhofer,,1,ger,1,False
OL10026853W,Hannah Arendt,Annette Vowinckel,2004.0,2,ger,1,False
OL10026883W,F alschung und Instrumentalisierung antifaschistischer Biographien: das Beispiel Halle/Saale 1945 - 2005,Frank Hirschinger,2007.0,1,ger,1,False
OL10026885W,"Gestapoagenten, Trotzkisten, Verr ater: kommunistische Parteis auberungen in Sachsen-Anhalt 1918 - 1953",Frank Hirschinger,,1,ger,1,False
OL10026888W,Die Bürgerbewegung in Dresden 1989/90,Karin Urich,2001.0,1,ger,1,False
OL10026955W,Ferdinand Bender (1870-1939),Matthias John,2005.0,2,ger,1,False
OL10027071W,Faszination Lebenswissenschaften,Erwin Beck,2002.0,2,ger,1,True
OL10027124W,Philosophische Physiologie,Thomas S. Hoffmann,2003.0,1,ger,1,False
OL10028959W,Wissenschaft und Freiheit in der Risikogesellschaft. Eine grundrechtsdogmatische Untersuchung zum Normbereich von Art. 5 Abs. 3 Satz 1 des Grundgesetzes. (Schriften zum Öffentlichen Recht; SÖR 745),Ralf Kleindiek,1998.0,1,ger,1,False
OL1002898W,Science et technique,Josué de Castro,1937.0,1,fre,1,False
OL10029153W,GmbH-Recht im Nationalsozialismus,Matthias Stupp,2002.0,1,ger,1,False
OL10029785W,Baugruben Teil 3 - Berechnungsverfahren,Anton Weienbach,2003.0,1,ger,1,False
OL10029825W,Der westliche Universalismus,Sibylle Tönnies,1995.0,1,ger,1,False
OL10030023W,THE EXPERIENCE OF ASTHMA IN CHILDHOOD,Michelle Walsh,1983.0,1,Unknown,0,False
OL10030889W,"Der Rebell: Odfried Hepp: Neonazi, Terorist, Aussteiger",Yury Winterberg,,1,ger,1,False
OL10030891W,"Nur wer sich  andert, wird bestehen",Friedrich Merz,,1,ger,1,False
OL100318W,Einstein,John B. Severance,1999.0,2,eng,1,True
OL1003354W,A ficção do tempo,Muniz Sodré,1973.0,1,por,1,False
OL1003444W,Os donos da cidade,José Paulo Teixeira,1996.0,1,por,1,False
OL1003595W,And still the earth,Ignácio de Loyola Brandão,1985.0,1,eng,1,False
OL1003662W,Ciência e tecnologia,Arnaldo Niskier,1972.0,1,por,1,False
OL1003663W,Ciência e tecnologia para o desenvolvimento,Arnaldo Niskier,1970.0,1,por,1,False
OL1003767W,Tesauro para estudos de gênero e sobre mulheres,Maria Cristina A. Bruschini,1998.0,1,por,1,False
OL1003777W,"Ciência, tecnologia e sociedade na Amazônia",Francisco de Assis Costa,1998.0,2,por,1,False
OL1003816W,A imitação da política,Marcos Rolim,1994.0,2,por,1,False
OL1003890W,Para leer al Pato Donald,Ariel Dorfman; Armand Mattelart; Ariel Dorfmann; Ariel Dorfman,1971.0,21,spa,2,True
OL10039322W,Eindimensionale Skalogramm-Analyse (Europaische Hochschulschriften),Thomas Staufenbiel,1992.0,1,ger,1,False
OL10039324W,"A CLIMATE FOR CHANGE: EDUCATION, TRAINING AND THE COMMUNITY PSYCHIATRIC NURSE",Hildegard Holenstein,1991.0,1,Unknown,0,False
OL10039426W,PRACTICAL KNOWLEDGE EMBEDDED IN THE NURSING CARE PROVIDED TO STROKE PATIENTS,Marit Kirkevold,1989.0,1,Unknown,0,False
OL1003943W,Um sertão chamado Brasil,Nísia Trindade Lima,1999.0,1,por,1,False
OL1003947W,Política e recuperação econômica em Minas Gerais,Otávio Soares Dulci,1999.0,1,por,1,False
OL10039753W,Europa: lieber sozial als neoliberal,Anne Karrass,,1,ger,1,False
OL10040241W,Dictionnaire d'économie et de sciences sociales,Jean-Yves Capul,1993.0,8,fre,1,True
OL10040254W,Philosophie in weltbürgerlicher Bedeutung,Francis Cheneval,2002.0,1,ger,1,False
OL10040267W,Grundzüge der Politikwissenschaft,Arno Mohr,1997.0,2,ger,1,False
OL10040269W,Sozialwissenschaftliches Wörterbuch. Englisch- Deutsch / Deutsch- Englisch,Arno Mohr,2001.0,1,Unknown,0,False
OL10040281W,Kontingenz und Vernunft: Grundlagen einer Theorie kommunikativen Handelns im Anschluss an Habermas und Merleau-Ponty,Andreas Niederberger,2007.0,1,ger,1,False
OL10040691W,"Justice, punishment and the medieval Muslim imagination",Christian Lange,2008.0,8,eng,1,False
OL10040879W,Schr oder gegen Merkel: Wahrnehmung und Wirkung des TV-Duells 2005 im Ost-West-Vergleich,Marcus Maurer,2007.0,1,ger,1,False
OL10040971M,Railway Safety,Unknown,1988.0,1,eng,1,False
OL10041079W,Der Klub der sieben Raben und der Piratenschatz. UNDERGROUND- Krimi.,Margit Grassi,2001.0,1,ger,1,False
OL10041080W,Der Klub der sieben Raben und die Petroglyphen. UNDERGROUND- Krimi.,Margit Grassi,2003.0,1,ger,1,False
OL10041282W,Aristotelische Diskurse,Thomas Gutschker,2002.0,1,ger,1,False
OL10041299W,"Die Logik des Parasitären. Literarische Texte, Medizinische Diskurse, Schrifttheorien",Claudia Jost,2000.0,1,ger,1,True
OL10041410W,Macht und Elite im ländlichen Südamerika,Klaus Westermeier,1990.0,1,ger,1,False
OL10041683W,Normbegründung und politische Legitimität,Frank Grunert,2000.0,3,ger,1,False
OL10041684W,Von Newton zu Haller,Simone DeAngelis,2003.0,1,ger,1,False
OL1004170W,Calendário do poder,Betto Frei,2007.0,1,por,1,False
OL1004185W,A mosca azul,Betto Frei,2006.0,2,por,1,False
OL10041864W,Deutsch-französische Übersetzungsübungen. Lehrbuch mit Texten über Politik und Wirtschaft.,John Desmond Gallagher,1998.0,1,fre,1,False
OL10041892W,Wissenschaftliches Arbeiten,Rüdiger Jacob,1997.0,2,ger,1,False
OL10041962W,Rechneraufbau und Rechnerarchitektur (eXamen.press),Axel Böttcher,2006.0,1,ger,1,False
OL10041990W,Wissenschaftliches Arbeiten in Bibliotheken. Einführung für Student/ Innen,Harald Jele,2003.0,1,ger,1,False
OL10041991W,Wissenschaftliches Arbeiten in Bibliotheken. Einführung für Studierende,Harald Jele,2003.0,1,ger,1,False
OL10042030W,Knowledge Potential Measurement and Uncertainty,Kerstin Fink,2004.0,3,eng,1,False
OL10042106M,Design Manual for Roads and Bridges,Unknown,2006.0,1,eng,1,False
OL10042154W,Ambivalente Gesellschaftlichkeit,Matthias Junge,2000.0,2,ger,1,False
OL10042381W,"""Nova reperta""",Johannes Stradanus,1953.0,1,eng,1,False
OL10042447W,Soziale Erkenntnistheorie,Ilia Kassavinie,2003.0,1,ger,1,False
OL10042451W,Ausgewahlte Reden Des Staatsministers A.d. Und Parlamentariers Dr. Ludwig Windthorst,Ludwig Windthorst,2003.0,1,ger,1,False
OL10042573W,"Parteienfinanzierung in Deutschland: Entwicklung der Einnahmestrukturen politischer Parteien oder eine Sittengeschichte  uber Parteien, Geld und Macht",Karl-Heinz Adams,2005.0,1,ger,1,False
OL10042615W,MSC Maximal Stress Cooperation,Heiner Mühlmann,2005.0,2,ger,2,False
OL10042882W,Photosynthetic unit and photosystems,Aloysius Wild; A. Wild; R. Ball,1997.0,3,eng,1,True
OL10042925W,Wissen und Bewerten. Unterwegs zu einer Ethik der Naturwissenschaften,Wedig Kolster,2003.0,2,ger,1,False
OL10042971W,Die Zwangsvollstreckung in der DDR,Thomas Thaetner,2003.0,2,ger,1,False
OL10042981W,Caribbean diaspora in USA,Bettina E. Schmidt,2008.0,1,eng,1,False
OL1004322W,Sete lições sobre as interpretações do Brasil,Bernardo Ricupero,2007.0,1,por,1,False
OL10043344W,Krise der Philosophie im Zeitalter wissenschaftlich-technischer Rationalität,Dagmar de Sauvage,2002.0,1,ger,1,False
OL10043773W,Der individualistische Staatsbegriff und die juristische Staatsperson,Reinhard Höhn,1935.0,1,ger,1,False
OL1004462W,O que é apartação,Cristovam Buarque,1993.0,1,por,1,False
OL1004631W,Esquerda em processo,Tarso Fernando Genro,2004.0,1,por,1,False
OL1004660W,Juventude consciente,Francisco Graziano Neto,2002.0,1,por,1,False
OL1004708W,"Political coalitions in Brasil, 1961-1964",Argelina Maria Cheibub Figueiredo,1988.0,2,eng,2,False
OL1004822W,"Nova cidade, velha política",Evelina Antunes F. de Oliveira,2000.0,1,por,1,False
OL1004831W,Os partidos políticos e a elite chapecoense,Monica Hass,1997.0,1,por,1,False
OL10048970M,Technical Publications Index,Unknown,1998.0,1,Unknown,0,False
OL10049800M,"Kew Bulletin, No 1, 2000",Unknown,2000.0,1,eng,1,False
OL10049801M,"Kew Bulletin, No 2, 2000",Unknown,2000.0,1,eng,1,False
OL10049802M,"Kew Bulletin, No 3, 2000",Unknown,2000.0,1,eng,1,False
OL10049803M,"Kew Bulletin, No 4, 2000",Unknown,2000.0,1,eng,1,False
OL10049804M,"Kew Bulletin, No 1, 2001",Unknown,2001.0,1,eng,1,False
OL10049805M,"Kew Bulletin, No 3, 2001",Unknown,2001.0,1,eng,1,False
OL10049806M,"Kew Bulletin, No 4, 2001",Unknown,2001.0,1,eng,1,False
OL10049811M,"Kew Bulletin,  No 1, 2002",Unknown,2002.0,1,eng,1,False
OL10049812M,"Kew Bulletin,  No 2, 2002",Unknown,2002.0,1,eng,1,False
OL10049813M,"Kew Bulletin,  No 3, 2002",Unknown,2002.0,1,eng,1,False
OL10049814M,"Kew Bulletin,  No 4, 2002",Unknown,2002.0,1,eng,1,False
OL10049824M,Overseas Trade Statistics,Unknown,2006.0,1,eng,1,False
OL10049831M,Drug Tariff,Unknown,2006.0,1,eng,1,False
OL10049833M,Overseas Trade Statistics,Unknown,2006.0,1,eng,1,False
OL10049834M,Overseas Trade Statistics,Unknown,2006.0,1,eng,1,False
OL10049836M,Overseas Trade Statistics,Unknown,2006.0,1,eng,1,False
OL10049837M,Overseas Trade Statistics,Unknown,2006.0,1,eng,1,False
OL10049839M,Overseas Trade Statistics,Unknown,2006.0,1,eng,1,False
OL10049840M,Overseas Trade Statistics,Unknown,2006.0,1,eng,1,False
OL10049842M,Overseas Trade Statistics,Unknown,2006.0,1,eng,1,False
OL10049843M,Overseas Trade Statistics of the United Kingdom Trade With the European Union Intra-ec Trade,Unknown,2006.0,1,eng,1,False
OL10049848M,The Kew Record of Taxonomic Literature Relating to Vascular Plants,Unknown,2006.0,1,eng,1,False
OL1005001W,Ecclesiogenesis,Leonardo Boff,1986.0,2,eng,1,True
OL100515W,Political writings,Voltaire,1994.0,2,eng,1,False
OL10054582M,Asbestos,Unknown,1988.0,1,eng,1,False
OL10054817W,Postnationale politische Herrschaft,Jürgen Neyer,2004.0,1,ger,1,False
OL10054886W,Verantwort Solidaritat,Bienfait,1998.0,1,ger,1,False
OL10054899W,Ordnungen der Sichtbarkeit,Peter Geimer,2001.0,1,ger,1,False
OL10054990W,Ann aherung an die Volkspartei: eine typologische und parteiensoziologische Studie,Bernd Hofmann,2004.0,1,ger,1,False
OL10055034W,Institut X,Thomas Stange,2001.0,1,Unknown,0,False
OL10055042W,Mechanical behaviour of engineering materials,Joachim Rösler; J. Roesler; H. Harders; M. Baeker,2007.0,2,eng,1,False
OL10055315W,Facts and artefacts in social science,Jürgen Kriz,1988.0,2,eng,1,False
OL10055475W,John Polkinghorne,Johannes Maria Steinke,2006.0,1,eng,1,False
OL10055478W,Sacred or Neural?,Anne L. C. Runehov,2007.0,1,eng,1,False
OL100554W,The elements of Sir Isaac Newton's philosophy,Voltaire,1738.0,3,eng,1,False
OL10055522W,Die Moderne erfindet sich ihr Mittelalter,Jürgen Wolf,2004.0,2,ger,1,False
OL10055585W,Frankenstein,Deborah Tempest; Mary Shelley,2000.0,2,eng,1,True
OL10055647W,Schellings Und Hegels Verhaeltnis Zur Naturwissenschaft (1844) (Acta Humaniora: Schriften Zur Naturphilosophie),Matthias Jakob Schleiden,1989.0,1,ger,1,False
OL10055798W,Functional Food: Safety Aspects,Senate Commission on Food Safety SKLM,2004.0,3,eng,1,False
OL10055836W,Wissenschaft Im Widerstreit Zwischen Erkenntinisstreben Und Verwertungspraxis,H. Markl,1990.0,1,eng,2,False
OL10055900W,Umweltlexikon Fuer Ingenieure Und Techniker,E Beier,1994.0,1,eng,2,False
OL10055970W,Vom Wasser Band V90 1998,Fachgruppe,1998.0,1,ger,1,False
OL10056008W,Parat Lexikon Computertechnik,A Moeschwitzer,1995.0,1,eng,1,False
OL10056044W,Vitamin B12 and B12-Proteins,Bernhard Krautler,1998.0,1,eng,1,True
OL1005616W,Americanos,Brito Broca,1998.0,1,por,1,False
OL10056196W,Umweltchemikalien Physikalisch-Chemische Daten,R Koch,1995.0,1,eng,1,False
OL10056210W,From Genome To Proteome,"Michael J., Ed. Dunn",2000.0,1,eng,1,True
OL10056214W,"Vom Wasser, 95. Band 2000 (Vom Wasser (VCH) *)",Fachgruppe Wasserchemie in der GDCh,2001.0,1,ger,1,False
OL10056250W,"Biotechnology, Volume 8, E2: Volume 8a: Biotransformations I + Volume 8b",Jörg Peters,2001.0,1,eng,1,False
OL10056279W,Bionik,U Kuppers,2004.0,1,eng,1,False
OL10056329W,The art of scientific writing,Hans F. Ebel,1987.0,1,eng,1,True
OL10056421W,Integrated design and simulation of chemical processes,Alexandre C. Dimian,2003.0,4,eng,1,False
OL10056438W,Nanomaterials,Dieter Vollath; D. Vollath,2008.0,6,eng,1,False
OL10056458W,Spectacular Chemical Experiments,Herbert W. Roesky,2007.0,3,eng,1,False
OL10056460W,Phenotypic and Genotypic Diagnosis of Malignancies,Muin S. A. Tuffaha,2008.0,4,eng,1,False
OL10056465W,Tomorrow's Chemistry Today,Bruno Pignataro,2008.0,5,eng,1,True
OL10056479W,Information - New Questions to a Multidisciplinary Concept,Kornwachs,1996.0,1,eng,1,False
OL10056483W,"Biographisch-Literarisches Handwoerterbuch Der Exakten Band Viii, Teil 1 Installment 3",Johann Christian Poggendorff,1996.0,1,ger,1,False
OL10056509W,Handworterbuch Derexakt Naturwiss Datenbank,Johann Christian Poggendorff,2001.0,1,ger,1,False
OL10056546W,"Laser, Licht und Leben",Susanne Liedtke; Jurgen Popp,2006.0,5,ger,1,False
OL10056644W,The encyclopedia of sexually transmitted diseases,"Jennifer Shoquist; Jennifer, M.D. Shoquist; Diane Stafford",2003.0,2,eng,1,True
OL10056647W,SPSS Für Dummies,Felix Brosius,2007.0,1,ger,1,False
OL10056691W,Solar Cookers in the 3rd World 2 DAMAGED,K. Kuhnke,1990.0,1,Unknown,0,False
OL100566W,Les singularités de la nature,Voltaire,1768.0,4,fre,1,False
OL10056848W,Spatial Modeling in Natural Sciences and Engineering,Jürgen Friedrich,2004.0,1,eng,1,True
OL10056982W,Erklärung - Begründung - Kausalität,Matthias Varga von Kibed,1982.0,3,ger,1,False
OL10057016W,Untiefen,Daniel Tyradellis,2006.0,1,ger,1,False
OL10057017W,Untiefen: Husserl Begriffsebene zwischen Formalismus und Lebenswelt,Daniel Tyradellis,2006.0,1,ger,1,False
OL10057023W,Unternehmungsnetzwerke . Konstitution und Strukturation,Arnold Windeler,2001.0,1,Unknown,0,False
OL10057065W,Leben im Plattenbau: zur Dynamik sozialer Ausgrenzung,Carsten Keller,2005.0,1,ger,1,False
OL10057083W,Verfassungspolitik und Verfassungswandel (Arbeitstitel) . Deutschland und Großbritannien im Vergleich,Gert-Joachim Glaeßner,2001.0,2,ger,1,False
OL10057103W,"Grundkurs Statistik in den Sozialwissenschaften. Eine leicht verständliche, anwendungsorientierte Einführung in das sozialwissenschaftlich notwendige statistische Wissen",Volker Müller-Benedict,2001.0,1,ger,1,False
OL10057128W,Wissenschaft an Hochschulen,Cornelia Koppetsch,2000.0,1,ger,1,False
OL10057148W,Elitenvertrauen und Demokratie. Zur Akzeptanz gesellschaftlicher Führungskräfte im vereinten Deutschland,Viktoria Kaina,2002.0,1,ger,1,False
OL10057179W,Politikwissenschaft in Deutschland,Cord Arendes,2005.0,1,Unknown,0,False
OL10057180W,"Politikwissenschaft in Deutschland. Standorte, Studieng ange und Professorenschaft, 1949 - 1999",Cord Arendes,,1,ger,1,False
OL10057181W,Development of Sociology in Japan,Shingo Shimada (Hrsg.) Ilja Srubar,2005.0,2,eng,1,False
OL10057191W,Fremdenfeindliche Vorurteile in den Staaten der EU,Cornelia Weins,2004.0,3,ger,1,False
OL10057273W,Repräsentative Diskurse,Wilhelm Hofmann,1995.0,1,ger,1,False
OL10057305W,Moral und Erziehung in der pluralistischen Gesellschaft,Hans-Joachim Werner,2002.0,2,gem,2,False
OL10057351W,Databases in Networked Information Systems,Subash Bhalla,2003.0,2,eng,1,False
OL10057352W,Public Key Cryptography - PKC 2003,Yvo Desmedt,2003.0,1,eng,1,False
OL10057378W,Financial Cryptography,Matt Blaze,2003.0,2,eng,1,False
OL10057496W,[Sigma] and [pi] electrons in organic compounds,W. Kutzelnigg; G. Del Re; G. Berthier,1971.0,2,eng,1,False
OL10057524W,Mathematical Foundations of Computer Science 1975,J. Becvar,1975.0,1,eng,1,False
OL10057560W,Facing reality,J. C. Eccles,1970.0,4,eng,1,False
OL10057593W,Language Design and Programming Methodology,J. M. Tobias,1980.0,1,eng,1,False
OL10057605W,Semantics-Directed Compiler Generation,N.D. Jones,1980.0,1,eng,1,False
OL10057765W,Die Entwicklung des neuen Strukturalismus seit 1973,"W., Stegmüller",1986.0,1,ger,1,False
OL10057780W,Caap'86,Paul Franchi-Zannettacci,1986.0,1,eng,1,False
OL10057844W,Bmvc '91,P.H. Mowforth,1991.0,1,Unknown,0,False
OL10057884W,Matchmaking in Electronic Markets,Daniel J. Veit,2003.0,2,eng,1,False
OL10057897W,Entwicklungsmanagement,Lothar Ophey,2006.0,2,ger,1,False
OL10057899W,Handbuch Robotik,Matthias Haun,2007.0,4,ger,1,False
OL10057912W,Model-Checking Based Data Retrieval,Elisa Quintarelli,2004.0,2,eng,1,False
OL10057921W,Differential optical absorption spectroscopy,Ulrich Platt; Jochen Stutz,2008.0,4,eng,1,False
OL1005800W,"Galileus modernos, elogio da heterodoxia","Chacon, Vamireh.",1965.0,1,por,1,False
OL10058012W,Data Analysis in Cosmology,Vincent Martinez,2008.0,1,eng,1,False
OL10058062W,Softwaresysteme und ihre Modellierung,Peter Tabeling,2006.0,2,ger,1,False
OL1005806W,Joaquim Nabuco,"Chacon, Vamireh.",2000.0,1,por,1,False
OL10058079W,Fallrepetitorium Europarecht,Ralph Alexander Lorz,2006.0,2,ger,1,False
OL10058088W,Management Andragogics 2,Albert Stähli,2005.0,3,eng,1,True
OL10058095W,Strategische Personalentwicklung,Matthias T. Meifert,2007.0,4,ger,1,False
OL10058100W,Skurrile Quantenwelt,Silvia Arroyo Camejo,2006.0,2,ger,1,False
OL10058109W,Atomic and Nuclear Analytical Methods,H.R. Verma; H. R. Verma,2007.0,1,eng,1,False
OL10058151W,Interfacing Geostatstics and GIS,Juergen Pilz,2008.0,2,eng,1,False
OL10058185W,"Wissenschaftsethik und Technikfolgenbeurteilung, Bd. 28: Leben mit L arm?: Risikobeurteilung und Regulation des Umgebungsl arms im Verkehrsbereich",M. Kloepfer; B. Griefahn; A.M. Kaniowski; G. Klepper; S. Lingner; G. Steinebach; H.B. Weyer; P. Wysk,2006.0,2,eng,2,False
OL10058187W,Flash 8 ActionScript,Arno Kohl,2008.0,1,ger,1,False
OL10058192W,Schallabsorber und Schalldämpfer,Helmut V. Fuchs,2004.0,4,ger,1,False
OL10058193W,Mathematics of Program Construction,Tarmo Uustalu,2006.0,3,eng,1,False
OL10058194W,Decoherence and the Quantum-To-Classical Transition (The Frontiers Collection),Maximilian A. Schlosshauer,2007.0,1,eng,1,False
OL10058201W,Fast Software Encryption,Matt Robshaw,2006.0,3,eng,1,False
OL10058208W,Advances in Solid State Physics / Volume 46 (Advances in Solid State Physics),Rolf Haug,2008.0,1,eng,1,False
OL10058216W,Soil Pollution,Ibrahim Mirsal,2004.0,5,eng,1,False
OL10058239W,Challenges in Scientific Computing - CISC 2002,Eberhard Bänsch,2004.0,1,eng,1,False
OL10058254W,Halide Perovskite-type Layer Structures (Landolt-Bornstein),R. Geick,2001.0,1,eng,1,False
OL10058275W,Affective Interactions,Ana Paiva,2001.0,2,eng,1,False
OL10058284W,Practical Aspects of Declarative Languages,I.V. Ramakrishnan,2001.0,2,eng,1,False
OL1005830W,O Imperio em procissão,Lilia Moritz Schwarcz,2001.0,1,por,1,False
OL10058314W,Iterative Software Engineering for Multiagent Systems,Jürgen Lind,2001.0,2,eng,1,True
OL10058327W,Fundamentals of Computation Theory,Rusins Freivalds,2001.0,2,eng,1,False
OL10058332W,Digital Earth Moving,Caroline Y. Westort,2001.0,2,eng,1,False
OL10058333W,Multimedia Databases and Image Communication,Maurizio Tucci,2001.0,2,eng,1,False
OL10058338W,New Concepts for Parallel Object-Relational Query Processing,Michael Jaedicke,2001.0,3,eng,1,True
OL10058347W,Werkstoff- und Produktionstechnik mit Mathcad,B. Buchmayr,2002.0,2,ger,1,False
OL10058380W,Methods and Applications of Artificial Intelligence,Ioannis P. Vlahavas,2002.0,2,eng,1,False
OL10058405W,Logic Programming,Peter J. Stuckey,2002.0,2,eng,1,True
OL10058419W,Computer Science Logic,Julian Bradfield,2002.0,2,eng,1,False
OL10058430W,Lateral Alignment of Epitaxial Quantum Dots (NanoScience and Technology) (NanoScience and Technology),Oliver G. Schmidt,2007.0,1,eng,1,False
OL10058432W,Liquid Separations with Membranes,Karl W. Böddeker,2007.0,3,eng,1,True
OL10058433W,Neural Networks Theory,Alexander I. Galushkin,2007.0,2,eng,1,False
OL10058447W,Research methods in urban and regional planning,Xinhao Wang; Rainer vom Hofe,2007.0,5,eng,1,False
OL10058512W,Immobilized Enzymes in Medicine (Progress in Clinical Biochemistry and Medicine),J.A. Kellen,1991.0,1,Unknown,0,True
OL10058514W,Bioprocesses and Applied Enzymology (Advances in Biochemical Engineering/biotechnology),R. Blaszczyk,1990.0,1,eng,1,True
OL10058584W,Advances in Cryptology,E.F. Brickell,1993.0,1,Unknown,0,False
OL10058670W,Airborne Particulate Matter,T. Kouimtzis,1995.0,3,eng,1,False
OL10058684W,Mode und Chemie,Gabriele Maute-Daul,1996.0,2,ger,1,False
OL10058686W,Cap-Independent Translation,P. Sarnow,1995.0,1,eng,1,True
OL10058718W,Advances in Cryptology - EUROCRYPT '94,Alfredo DeSantis,1995.0,1,eng,1,False
OL10058785W,Progress In Botany Volume 58,H.D. BEHNKE,1997.0,1,eng,1,True
OL10058789W,Main Group Elements And Their Compounds,V. G. Kumar Das,1996.0,4,eng,1,False
OL1006303W,Vocabulário de ecologia,Assis Brasil,1992.0,1,por,1,False
OL1006550W,Comissões paritárias de tecnologia no Brasil,Ricardo Toledo Neder,1989.0,1,por,1,False
OL1006563W,A incorporação de gênero nas políticas públicas,Leda Maria Vieira Machado,1999.0,1,por,1,False
OL1006755W,Poder jurídico e violência simbólica,Maria Celeste Cordeiro Leite dos Santos,1985.0,2,por,1,False
OL10069856M,Advances in Atomic & Molecular Physics,David R. Bates; Benjamin Bederson,1983.0,1,Unknown,0,False
OL10070001M,Advances in Catalysis,D. D. Eley; Herman Pines; Paul B. Weisz,1989.0,1,Unknown,0,False
OL10070013M,Advances in Cellular Neurobiology,Unknown,1982.0,1,Unknown,0,False
OL10070177M,Advances in Ecological Research,Michael Begon; A. H. Fitter; E. D. Ford,1990.0,1,eng,1,False
OL1007018W,Urbanidade e cultura política,José Ernesto Pimentel Filho,1998.0,1,por,1,False
OL10070430M,Advances in Inorganic Chemistry & Radiochemistry (Advances in Inorganic Chemistry & Radiochemistry),Unknown,1983.0,1,eng,1,False
OL10070434W,Hanguk munhon chongbohak ui munjedul,Chae-chol Yi,1994.0,1,eng,2,False
OL10070456M,Advances in Librarianship,Unknown,1982.0,1,eng,1,False
OL10070467M,Advances in Macromolecular Chemistry,Unknown,1968.0,1,eng,1,False
OL10070485M,Advances in Marine Biology,J. H. S. Blaxter; Frederick S. Russell,1984.0,1,eng,1,False
OL10070567M,"Advances in Organometallic Chemistry, Vol. 20",Unknown,1982.0,1,Unknown,0,False
OL10070604W,Hanguksa edo kwahak i innunga,Song-nae Pak,1998.0,1,kor,1,False
OL1007063W,Contribuição contemporânea à história da filosofia brasileira,José Maurício de Carvalho,1998.0,4,por,1,False
OL10070661M,Advances in Protein Chemistry (Advances in Protein Chemistry),Unknown,1982.0,1,eng,1,False
OL10070681M,Advances in Radiation Biology,Unknown,1983.0,1,Unknown,0,True
OL10070689M,Advances in Radiation Biology (Advances in Radiation Biology),Unknown,1983.0,1,eng,1,False
OL10070717W,Nyu midio sidae ui munhak,Song-gon Kim,1996.0,1,kor,1,False
OL10070732M,Advances in Virus Research,Karl Maramorosch; Frederick A. Murphy,1986.0,1,Unknown,0,False
OL10070741M,Advances in Virus Research,Karl Maramorosch; Frederick A. Murphy,1991.0,1,eng,1,False
OL10070797M,"Annual Reports in Organic Synthesis, 1982 (Annual Reports in Organic Synthesis)",Unknown,1983.0,1,eng,1,False
OL10070856W,Pundan kwa hyongmyong ui tonghak (Hyondae ui chisong),Pyong-guk Kim,1994.0,1,kor,1,False
OL10070873M,The Ap Professional Fuzzy Logic Cd-Rom Library/Cd-Rom,Academic Press; AP Professional,1995.0,1,eng,1,False
OL10070899M,"Genetics and Biology of the Drosophila, Part D (Genetics & Biology of Drosophilia)",M. Ashburner; H. L. Carson,1984.0,1,eng,1,False
OL10070995W,Changsogak toso Hangukpon haejejip (Kojon charyo chongso),Tong-ju Kim,1993.0,1,kor,1,False
OL10071121W,Chungguk ui kwollyok kujo wa pawo ellitu,Chong-gye Kim,1994.0,1,kor,1,False
OL10071147W,Hwangyong wigi wa Riu hoeui,Sang-don Yi,1993.0,1,kor,1,False
OL10071197W,Ilbon i irosonda,Kyong-min Kim,1995.0,1,kor,1,False
OL10071214W,Pigyo sahoe yŏnʾgu pangbŏmnon,Ung-jin Kim,2000.0,1,kor,1,False
OL10071328M,Academic Press Dictionary of Science and Technology/Cd-Rom Version 1.0,Academic Press; Christopher Morris,1996.0,1,eng,1,False
OL10071444W,Hwangyong chongchihak kwa hyondae chongchi sasang,Tae-yon Hwang,1992.0,1,kor,1,False
OL10071457W,Choesin chongchihak wollon,Chor-hyong Yi,1996.0,1,kor,1,False
OL10071485W,"Chongchi, munhwa, ideollogi",Kyong-ok Chon,1997.0,1,kor,1,False
OL10071519M,Robotics Handbook,Unknown,2009.0,1,eng,1,False
OL10071542W,Hyondae chongchihak (Chongchihak chongso),Hyon-mo Pak,1995.0,1,kor,1,False
OL10071660M,Heart Development Slide Set,Richard P. Harvey; Nadia Rosenthal,1998.0,1,eng,1,False
OL10071691W,Imiji wa ŭi chŏnjaeng,Chun-man Kang,2000.0,1,kor,1,False
OL10071692W,Imiji wa ui chonjaeng (Komyunikeisyon sasangga wa silchongadul),Chun-man Kang,2000.0,1,kor,1,False
OL10071715W,Na ŭi chŏngchʻihak sajŏn,Chun-man Kang,2005.0,1,kor,1,False
OL10071739M,Structural and Functional Organization of the Nuclear Matrix (International Review of Cytology),Unknown,1995.0,1,eng,1,False
OL10071744M,"International Review of Cytology, 74",Unknown,1982.0,1,Unknown,0,False
OL10071746M,International Review of Cytology,Unknown,1982.0,1,Unknown,0,False
OL10071750M,International Review of Cytology,Unknown,1983.0,1,Unknown,0,False
OL10071752M,International Review of Cytology,Unknown,1983.0,1,Unknown,0,False
OL10071754M,International Review of Cytology,Unknown,1983.0,1,Unknown,0,False
OL10071763M,"International Review of Cytology: Part A, Plant Chromosome Ultrastructure",George Bourne; J. F. Danielli; Kwang W. Jeon; G. P. Chapman,1985.0,1,Unknown,0,False
OL10071777M,International Review of Cytology,George Bourne; Kwang W. Jeon,1987.0,1,Unknown,0,False
OL10071778M,International Review of Cytology,George Bourne; Kwang W. Jeon,1988.0,1,eng,1,False
OL10071781M,International Review of Cytology,George Bourne; Kwang W. Jeon,1988.0,1,Unknown,0,False
OL10071783M,International Review of Cytology,George Bourne; Kwang W. Jeon,1989.0,1,eng,1,False
OL10071784M,International Review of Cytology,George Bourne; Kwang W. Jeon; Martin Friedlander,1989.0,1,eng,1,False
OL10071786M,International Review of Cytology,George Bourne; Kwang W. Jeon,1989.0,1,eng,1,False
OL10071912M,Peptide Regulation of Cardiovascular Function,Hiroo Imura; Hisayuki Matsuo,1992.0,1,Unknown,0,False
OL10071985W,21-segi sarang ŭi chʻungjŏnso 'kongdongchʻe' rŭl sallija,Yong-hwan Yi,2007.0,1,kor,1,False
OL10072026W,Chongchi sasang kwa palchon ui ilban iron,Pil-lyang So,1996.0,1,kor,1,False
OL10072079M,Ultimate SOS CD Library Season 1,Wayne Wolf,2007.0,1,eng,1,False
OL10072080M,Ultimate SOS CD Library Season 2,Wayne Wolf,2007.0,1,eng,1,False
OL10072089W,21-segi sin kwahak wollon,Yun-hyok Kwon,1993.0,1,kor,1,False
OL10072130M,Mastering Business Math and Machines a Combined Approach,Unknown,1986.0,1,Unknown,0,False
OL10072150M,Applied Optics and Optical Engineering (Vol 12),Robert R. Shannon; Shannon,2000.0,1,Unknown,0,False
OL10072151M,Applied Optics and Optical Engineering (Vol 13),Robert R. Shannon; Shannon,2002.0,1,eng,1,False
OL10072152M,Applied Optics and Optical Engineering,Robert R. Shannon; Shannon,2000.0,1,Unknown,0,False
OL10072152W,Chongchi chorhak (Kkachi kulpang),Chong-un Yi,1994.0,1,kor,1,False
OL10072153M,Applied Optics and Optical Engineering,Robert R. Shannon; Shannon,2000.0,1,eng,1,False
OL10072202W,Pak Chong-hui ui sasang kwa haengdong,Yong Choe,1995.0,1,kor,1,False
OL10072224M,Electronic Handbook of Infrared and Raman Spectra of Inorganic Compounds and Organic Salts,Unknown,1998.0,1,eng,1,False
OL10072231W,Mal ui chilso wa kukka,Kyong-hui Nam; Kyŏng-hŭi Nam,1997.0,2,kor,1,False
OL10072239W,Chongbo sidae kurigo tonggye (Naeil ul yonun chaek),Nae-gyong Song,1995.0,1,kor,1,False
OL10072289M,Database of Palladium Chemistry (CD-ROM Version 1.1),Jean-Luc Malleron; Alain Juin,1999.0,1,eng,1,False
OL10072347W,Choryo Yi Yu-tae ui hyangyak kwa chonghun (Saeron sowon),Hae-jun Yi,1998.0,1,kor,1,False
OL10072348W,Chʻoryŏ Yi Yu-tʻae ŭi hyangyak kwa chŏnghun,Hae-jun Yi,1998.0,1,kor,1,False
OL10072368W,Sahoe tonggyehak (Haksul chongso),Tae-yon Chong,1992.0,1,kor,1,False
OL10072385W,Kwahak kisul chongchaengnon,Chong-bom Kim,1993.0,1,kor,1,False
OL10072401W,Semilhwa ro kurin kunsa illosutu paekkwa =,Pyong-yong Yu,2002.0,1,kor,1,False
OL10072536M,Progress in Nucleic Acid Research and Molecular Biology,Unknown,1978.0,1,eng,1,False
OL10072606M,Electronic Handbook of Optical Constants of Solids CD-ROM,Unknown,1999.0,1,eng,1,False
OL10072607M,Electronic Handbook of Optical Constants of Solids,Edward D. Palik; Gorachand Ghosh,1999.0,1,eng,1,False
OL10072649W,Pul i kkojiji annun yonguso: Choe Hyong-sop hoegorok,Hyong-sop Choe,1995.0,1,kor,1,False
OL10072714W,Sahoe kwahak kwa sahoe pokchi (Soultae Sahoe Pokchi Yonguso yongu chongso),Song-i Kim,1994.0,1,kor,1,False
OL10072804W,Sahoe kwahak ul wihan hoegwi punsok,Tu-sop Kim,1993.0,1,kor,1,False
OL10072889M,Symposia Mathematica/Indecomposablle Representations of Life Groups and Their Physical Applications/Istituto Nazionale Di Alta Matematica Francesco S (Symposia Mathematica),Unknown,1990.0,1,eng,1,False
OL10072924M,Chemistry in the Market Place,Unknown,1990.0,1,Unknown,0,False
OL10072926W,Hanguk chongchi punsongnon,Tuk-pyo Hong,1993.0,1,kor,1,False
OL10072936M,Nano-mechanics Of Materials,Unknown,2008.0,1,eng,1,False
OL10072948M,Computer Applications in Food Technology **REPLACEMENT** Disk,Unknown,1996.0,1,eng,1,False
OL10072976W,Uridul un hwangyong pasukkun (Kyokwa chongso),Yong-gun Kim,1993.0,1,kor,1,False
OL10072989M,The Biochemistry of Plants: A Comprehensive Treatise,David D. Davies,1987.0,1,eng,1,False
OL10073028M,The Cytokine Handbook,Angus W. Thomson; Michael T. Lotze,2003.0,1,eng,1,False
OL10073045W,Hyondae Pukhan ui ihae,Chong-sok Yi,1995.0,1,kor,1,False
OL10073050W,Saero ssun hyondae Pukhan ui ihae,Chong-sok Yi,2000.0,1,kor,1,False
OL10073092W,Minjujuui wa kyongje chongchaek,Yong-son Yi,1996.0,1,kor,1,False
OL10073110W,Na nun changjo ui Sin ul poatta,un-jae Choe,2001.0,1,kor,1,False
OL10073133W,Pukhan kyongje,Kwang-su Kim,1994.0,1,kor,1,False
OL10073141M,The Mollusca,N. H. Verdonk; J. A. M. Van Den Biggelaar,1983.0,1,eng,1,False
OL10073192M,Automata Reasoning ***Replacement*** Disk,Unknown,1996.0,1,Unknown,0,False
OL10073199M,Fundamentals of Optical Engineering,Francis T.S. Yu; Ching-Cherng Sun,2005.0,1,eng,1,False
OL10073204M,Fundamental Neuroscience CD-ROM,Story C. Landis; Floyd E. Bloom,1999.0,1,eng,1,False
OL10073319W,Uri ui roket kwa hwayak mugi (Kyoyang kwahak siriju),Yon-sok Chae,1998.0,1,kor,1,False
OL10073430W,"Pulgyo sok ui kwahak, kwahak sok ui Pulgyo",Song-gyu Kim,2000.0,1,kor,1,False
OL10073476W,Pigyo sahoehak,Yong-hak Kim,2000.0,1,kor,1,False
OL10073500W,Chongchi ideollogi ui chuchejok haemyong,Myong-nam Yi,2000.0,1,kor,1,False
OL10073521M,System Analysis and Design,Kenneth E. Kendall; Julie E. Kendall,2002.0,1,eng,1,False
OL10073544M,Laboratory Guide and Dissection Manual Human Anatomy (2nd Edition),Michael J. Timmons; Michael P. McKinley,1999.0,1,eng,1,True
OL10073573M,Mathematical Connections,Bruce Pollack-Johnson; Audrey Frederick Borchardt; Andrew T. Stull,1999.0,1,eng,1,False
OL10073609W,Kwahak tunoe yangsŏng ŭl wihan kyoyuk kwajŏng kaebal,Ho-gil Kim,1985.0,1,kor,1,False
OL10073621M,Energy and the Deregulated Marketplace 1998 Survey,Ruth Bennett Fowler; Fairmont Press,1998.0,1,eng,1,False
OL10073718W,Hanʼguk sahoe ŭi yanggŭkhwa,Mun-jo Kim,2008.0,1,kor,1,False
OL10073719W,Kwahak kisul kwa Hanguk sahoe ui mirae,Mun-jo Kim,1999.0,1,kor,1,False
OL10073723M,Accidental Explosions,Louis A. Medard; Peter Fawcett,1990.0,1,eng,1,False
OL10073739W,Chongchaekhak wollon,Song-bok Pak,1993.0,1,kor,1,False
OL10073743W,Chongchaek punsongnon,Kun-bok Kang,1994.0,1,kor,1,False
OL10073744W,Pukhan ŭi chŏngchʻi wa palchŏn chŏllyak,Hang-dong Yi,1994.0,1,kor,1,False
OL10073745W,Pukhan ui chongchi wa palchon chollyak,Hang-dong Yi,1994.0,1,kor,1,False
OL10073825W,Dijitol tosogwan kwa sahoe kwahak chongbowon (Hyondae chongbo kwallihak chongso),Un-ju Choe,2000.0,1,kor,1,False
OL10073847M,Life on Earth/Science on Earth,Teresa Audesirk; Gerald Audesirk; Bruce E. Byers,1998.0,1,eng,1,False
OL10073849M,Essentials of Anatomy and Physiology,Frederic Martini; Edwin F. Bartholomew,1998.0,1,eng,1,False
OL10073851M,General Chemistry,Ralph H. Petrucci; William S. Harwood,1998.0,1,Unknown,0,False
OL10073857W,Choson chunggi kukka wa sajok (Yokpi Hangukhak yongu chongso),Song-u Kim,2001.0,1,kor,1,False
OL10074100M,Intermediate Algebra for College Students/How to Study Math,Allen R. Angel,1999.0,1,eng,1,False
OL10074164W,Kundae Hanguk ui kukka sasang,Hyo-jon Kim,2000.0,1,kor,1,False
OL10074218M,Introduction to Geography,Edward F. Bergman; William H. Renwick,1998.0,1,Unknown,0,False
OL10074231M,General Chemistry,Ralph H. Petrucci; William S. Harwood,1999.0,1,eng,1,False
OL10074369M,Basic Math (Prentice Hall Interactive Math),Martingay; Martin-Gay,1999.0,1,eng,1,False
OL10074371M,Intermediate Algebra (Prentice Hall Interactive Math),Martingay; Martin-Gay,2000.0,1,eng,1,False
OL10074384W,Phantom,Ki-hun Yi; Ki-hoon Lee; Seung-yup Cho,2007.0,2,eng,1,False
OL10074435W,Namal yŏchʻo ŭi hojok kwa sahoe pyŏndong yŏnʾgu,Kap-tong Kim,1990.0,1,kor,1,False
OL10074449W,Chongchi iron kwa Hanguk chongchi,Pyong-hwa Yi,1997.0,1,kor,1,False
OL10074476W,Pabol ro ponun Hanguk yadangsa,Yong-hun Yi,2000.0,1,kor,1,False
OL10074531W,Choson sidae munhak yesul ui saengsong konggan (Somyong haksul),Myong-gwan Kang,1999.0,1,kor,1,False
OL10074536W,Choe Han-gi ui ki chorhak kwa soyang kwahak (Taedong munhwa yongu chongso),Hyon-gu Yi,2000.0,1,kor,1,False
OL10074578M,Starr Gazing,Glen Sussman; Byron W. Daynes,1999.0,1,Unknown,0,False
OL10074637W,Hanguk ui chongchi sasang,Man-gyu Kim,1999.0,1,kor,1,False
OL10074663M,Touch Key 10-Key Software,Jo Burton; David Burton,1999.0,1,eng,1,False
OL10074719W,Haebang chongguk chongnyon undong kwa minjok tongil chonson undong yongu,Haeng-son Kim,1996.0,1,kor,1,False
OL10074725M,Computer Literacy,Unknown,2001.0,1,eng,1,False
OL10074778W,Ki,Kwon-bae Yi,2000.0,1,kor,1,False
OL10074810M,Chemistry,Unknown,2000.0,1,eng,1,False
OL10074818M,General Science Third Edition,Philip Altshuler; Globe Fearon,2001.0,1,eng,1,False
OL10074819M,General Science Classroom Resource Binder,Unknown,2000.0,1,eng,1,False
OL10074881M,Computer Literacy Classroom Set,Unknown,2000.0,1,eng,1,False
OL10074896M,Computer Literacy User's Manual,Unknown,2000.0,1,eng,1,False
OL10074907M,Social Studies Reading Strategies,Unknown,2001.0,1,eng,1,False
OL10074916M,Concepts and Challeneges in Life Science,Na,2002.0,1,eng,1,False
OL10074950M,Water and Air (Concepts and Challenges),Leonard Bernstein; Martin Schachter; Alan Winkler; Stanley Wolfe,2004.0,1,eng,1,False
OL10075024M,2000 Media Update Astronomy,Eric Chaisson; S. McMillan,1999.0,1,eng,1,False
OL10075045M,Virtual Fieldtrips for Physical Geography (standalone version),Larry Onesti; Jeremy Dunning,1999.0,1,eng,1,False
OL10075052M,Physical Geography: A Landscape Appreciation,Tom L. McKnight; Darrel Hess,2000.0,1,Unknown,0,False
OL10075088M,Practical Approach to Digital Electronics + Becoming an Electronics Technician,Alan C. Dixon; James L. Antonakos,1999.0,1,eng,1,False
OL10075113W,Munhwa ka kyongjaengnyok ida =,Song-hui Pak,2000.0,1,kor,1,False
OL10075115M,The Political Science Student Writers Nanual,Gregory M. Scott; Stephen M. Garrison,1999.0,1,eng,1,False
OL10075150W,Tosi chongchaengnon (Haengjonghak chongso),Song-bok Yi,1995.0,1,kor,1,False
OL10075185M,Sociololgy for the 21th Century,Timothy J. Curry; Robert M. Jibou; Kent Schwirian,1999.0,1,eng,1,False
OL10075206W,Chonja somyongpopsang ui injung chedo e kwanhan yongu (Yongu pogo),Chin-sik Yu,2000.0,1,kor,1,False
OL10075261W,Qu yi shuo,Yong Chu,1921.0,1,chi,1,False
OL10075270M,Systems Analysis & Design,Kenneth E. Kendall; Julie E. Kendall,2002.0,1,Unknown,0,False
OL10075291W,"Hwangyong yongo, chongbo taesajon",Chang-gun Pak,2001.0,1,kor,1,False
OL10075335W,Choson ui sahoe wa sasang,Song-mu Yi,1999.0,1,kor,1,False
OL10075400W,Busi haengjŏngbu ŭi taebuk haek chŏngchʻaek chʻujin hyŏnhwang kwa chŏnmang,Kuk-sin Kim,2005.0,1,kor,1,False
OL10075410M,Succeeding in Mechanical Engineering,James; Mark N. Horenstein,1999.0,1,eng,1,False
OL10075414M,Engineering Computations,David C. Kuncicky; Schwartz,1999.0,1,eng,1,False
OL10075447M,Concepts of Genetics : Science on the Internet,William S. Klug; Michael R. Cummings,1998.0,1,eng,1,False
OL10075463W,Nam-Pukhan inyŏm tʻonghap ŭi panghyang kwa kwaje,Min Cho,2001.0,1,kor,1,False
OL10075464W,Nam-Pukhan inyom tonghap ui panghyang kwa kwaje (Yongu chongso),Min Cho,2001.0,1,kor,1,False
OL1007549W,Liberalismo político,Luis V. Anastasía,1981.0,1,spa,1,False
OL10075544W,Han-Mi uihaksa,Che-chang Choe,1996.0,1,kor,1,False
OL10075550W,Chongchi wa sam ui segye,U-chang Kim,2000.0,1,kor,1,False
OL10075576W,Hyondae sasang ui chegye punsok,Tong-gun Chong,1991.0,1,kor,1,False
OL10075620W,Hanguk sanggo muyesa,Tong-nyong Ko,1993.0,1,kor,1,False
OL10075635M,Engineering Experimentation,Ronald W. Larsen; John T. Sears; Royce Wilkinson,2007.0,1,eng,1,False
OL10075680W,Kwahak kwa tohak ui mannam,Sung-hyok Im,1993.0,1,kor,1,False
OL10075723W,Hu kwahak tangye ui segyegwan,Ki-chol Kang,1994.0,1,kor,1,False
OL10075728W,Chiguchon hwangyong chaenan (Ttanim hwangyong sinso),Tu-ho Yi,1994.0,1,kor,1,False
OL10075926W,Kwollyok sunggye wa chongdangsong,U-jong Yi,1997.0,1,kor,1,False
OL10076036W,Namal yocho ui chongchi sahoe wa munin chisikchung,Ki-ung Chon,1996.0,1,kor,1,False
OL10076105M,Biology and Biology on the Internet 2000,Teresa Audesirk,1999.0,1,Unknown,0,False
OL10076157M,Spanish Supervisor's Guide to Food Safety and Sanitation,David R. McSwane; Nancy R. Rue; Richard Linton; Anna Graf Williams,2007.0,1,eng,1,False
OL10076158M,Guia Del Supervisor,David McSwane; Richard Linton; Nancy R. Rue; FMI,2004.0,1,eng,1,False
OL10076258W,Chongchaekhak sillon,Hae-yong Yi,1997.0,1,kor,1,False
OL10076259W,Sahoe kwahak yongu pangbomnon,Hae-yong Yi,1999.0,1,kor,1,False
OL10076269W,Hanminjok ui kunsajok chontong,Song-mun Kang,2000.0,1,kor,1,False
OL10076531M,College Physics,W. Christian; Gregor Novak; Andrew Gavrin,2002.0,1,eng,1,False
OL10076532M,Fluid Mechanics in the Human Circulation,K.B. Chandran; Ajit P Yoganathan; Stanley Rittgers,2005.0,1,eng,1,False
OL10076540M,Spss-X User's Guide,Inc. Spss,1985.0,1,eng,1,False
OL10076591W,Yugyo chabonjuŭi minjujuŭi,Chae-bong Ham,2000.0,1,kor,1,False
OL10076592W,Yugyo chabonjuui minjujuui (Tong Asia munmyong chongso),Chae-bong Ham,2000.0,1,kor,1,False
OL1007659W,Sociología de la dominación,Alfredo Errandonea,1989.0,1,spa,1,False
OL10076661M,"Student Book, Level A, Shining Star",P. Hartmann; Jann Huizenga; Anna Uhl Chamot,2003.0,1,eng,1,False
OL1007668W,La innovación y las políticas en ciencia y tecnología para el Uruguay,Rodrigo Arocena,1998.0,1,spa,1,False
OL10076729M,"Prentice Hall Simulations and Data Graphing for Economics, Government, Civics",O'Sullivan; Sheffrin,2000.0,1,eng,1,False
OL10076844M,"Red Tides: Biology, Environmental Science, and Toxicology",Tomotoshi Okaichi; Donald M. Anderson,1989.0,1,eng,1,False
OL100768W,Matter,Iain Banks,2008.0,13,ger,3,True
OL10076907M,Cellulosics,John F. Kennedy; Glyn O. Phillips,1993.0,1,eng,1,False
OL10076992W,Science Awakening II,H. van der Waerden,1973.0,3,eng,1,False
OL100769W,Feersum endjinn,Iain Banks,1994.0,10,ger,2,True
OL10077074M,Human Geography,Paul L. Knox; Sallie A. Marston,2000.0,1,eng,1,False
OL10077180M,Workbook for Basic Chemistry,William S. Seese; Guida H. Daub,1985.0,1,Unknown,0,False
OL10077193M,Chemistry,Unknown,2002.0,1,eng,1,False
OL10077197M,Chemistry Connections to Changing World,Beall; Brower; Lemay; Robblee,2001.0,1,eng,1,False
OL10077203W,The physical world of late antiquity,Samuel Sambursky,1962.0,2,eng,1,True
OL10077204W,Physics of the stoics,Samuel Sambursky,1959.0,2,eng,1,False
OL10077205W,The physical world of the Greeks,Samuel Sambursky,1956.0,3,eng,1,True
OL10077266M,Prentice Hall Science Explorer,Unknown,2002.0,1,eng,1,False
OL10077340W,"Racism and Human Rights (Nijhoff Law Specials, 58.)",Raphael Walden,2004.0,1,eng,1,True
OL10077366W,Politische Reflexion In Der Welt Des Spaten Mittelalters/political Thought In The Age Of Scholasticism,Herausgegeben Von Martin Kaufhold,2004.0,1,eng,2,False
OL100773W,Look to windward,Iain Banks,2000.0,19,eng,3,True
OL10077403M,Vms for Alpha Platforms Internals and Data Structures,Ruth E. Goldenberg; Saro Saravanan,1993.0,1,eng,1,False
OL10077414W,The Relationship between Roman and Local Law in the Babatha and Salome Komaise Archives (Studies on the Texts of the Desert of Judah),Jacobine G. Oudshoornn,2007.0,1,eng,1,False
OL10077432W,The Pot-King,Jean-Pierre Warnier,2007.0,2,eng,1,False
OL10077434W,Performing Islam: Gender and Ritual in Iran (Women and Gender: the Middle East and the Islamic World),Azam Torab,2006.0,1,eng,1,False
OL10077452W,Vauban Under Siege,Jamel Ostwald,2006.0,2,eng,1,False
OL10077497W,The Modal System of Earlier Egyptian Complement Clauses (Probleme Der Agyptologie),Sami Uljas,2007.0,1,eng,1,False
OL10077557W,"War, domination, and the monarchy of France",Rebecca Ard Boone,2007.0,5,eng,1,False
OL10077558W,"War, Domination, and the Monarchy of France (Brill's Studies in Intellectual History)",Rebecca Ard Boone,2007.0,1,eng,1,False
OL10077589W,Managing civil-military cooperation,S. J. H. Rietjens,2008.0,2,eng,1,False
OL10077611W,"Sulla, the Elites and the Empire",Federico Santangelo,2007.0,2,eng,1,False
OL10077653W,Politieke woorden: Termen & begrippen,Carla Joosten,1997.0,1,dut,1,False
OL10077730M,Chemistry,Unknown,2001.0,1,eng,1,False
OL10077863M,A First Course in Applied Mathematics,Peter J. Olver; Cheri Shakiban,2007.0,1,eng,1,False
OL10077919M,World Explorer,Unknown,2003.0,1,eng,1,False
OL10077943W,Evolution and Counter Evolution,P. Zwart,1994.0,1,eng,1,False
OL100779W,The player of games,Iain Banks,1988.0,23,eng,3,True
OL10078038W,Toward a Science of Man in Society (Studies of Social Life),K.W. Kapp,1899.0,1,eng,1,False
OL10078040W,The Passionate Liberal,W.E. Volkomer,1899.0,1,eng,1,False
OL10078189M,Principles of Engineering Graphics Solid Works Student Des Ctr Pk,Frederick E. Giesecke,1994.0,1,eng,1,False
OL10078218M,Life on Earth Learning System Edition with CourseCompass (2nd Edition),Teresa Audesirk; Audesirk,2001.0,1,eng,1,False
OL10078242M,"Electric Circuits Revised and PSpice Supplement Package, Sixth Edition",James W. Nilsson; Susan Riedel,2001.0,1,eng,1,False
OL10078246W,Pluralisme en staatsrecht,L. Prakke,1974.0,1,dut,1,False
OL10078334W,Conceptual Atomism and the Computational Theory of Mind,John-Michael Kuczynski,2007.0,2,eng,1,False
OL10078375W,E.W. Beth Memorial Colloquium,J.L. Destouches,1899.0,2,eng,1,False
OL1007837W,Manual nacionalista,Ricardo Rocha Imaz,1985.0,1,spa,1,False
OL10078401M,Agi Lab Manual,Agi; Nagt,1999.0,1,eng,1,False
OL10078471W,Polarized Development & Regional Policies,Antoni Kuklinski,1981.0,3,eng,1,False
OL10078481W,Methodologie,Adriaan Degroot,1969.0,1,Unknown,0,False
OL10078483W,Toward a Science of Man,Timothy H. Thoresen,1975.0,2,eng,1,True
OL10078484W,Perspectives on the Emergence of Scientific Disciplines,Gerard Lamaine,1977.0,1,eng,1,False
OL10078546M,Chemistry,Brown,1999.0,1,eng,1,False
OL10078591M,Pocket Handbook of Separation Method Instrumental Techniques for Analytical Chemistry,Mary Janes Van Sant; Mary Jane Van Sant,2001.0,1,eng,1,False
OL10078596M,Biology,Teresa Audesirk; Gerald Audesirk,1999.0,1,eng,1,False
OL10078646W,"Primordiality, science, and value",Richard Milton Martin,1980.0,2,eng,1,True
OL10078680M,"Calculus With Technology for Business/Econ, Life, and Social Sciences/Usingtexas Instruments Graphing Calculus",Raymond A. Barnett,1999.0,1,Unknown,0,False
OL10078711M,Biology Life on the Earth,Teresa Audesirk,1998.0,1,Unknown,0,False
OL10078712W,Threat to the Power Relation and Negative Intergroup Behavior,Eefje Vonken,1997.0,1,eng,1,False
OL10078718W,Lenins politieke logica,Pier A Smit,1996.0,1,dut,1,False
OL10078725W,"Politiek, economie en democratie",P. H. A Meijs,1996.0,1,dut,1,False
OL10078761M,Biological Electron Transport Processes,M. Malik; G. Yu. Riznichenko; A. Rubin,1990.0,1,eng,1,False
OL10078815W,"Doing gender in media, art and culture",Rosemarie Buikema,2009.0,8,eng,1,False
OL10078817W,Macht door representatie,F. R Ankersmit,1997.0,1,dut,1,False
OL10078915M,Botany,Unknown,1991.0,1,eng,1,False
OL10078925M,Biology,Teresa Audesirk; Gerald Audesirk,2000.0,1,eng,1,False
OL10079047M,Applied Weed Science (3rd Edition),Merrill A. Ross; Carol A. Lembi,2005.0,1,eng,1,False
OL10079233W,Kis magyar tudomanytortenet (Tudora konyvtar),Istvan Gazda,1998.0,1,hun,1,False
OL10079322W,Progressive Governance for the XXI Century:Contribution to the Berlin Conference,Gerhard Schroder,2002.0,2,eng,1,False
OL10079324W,"Human Rights and Good Governance:Building Bridges (The Raoul Wallenberg Institute Human Rights Library, 9)",Hans-Otto Sano,2002.0,2,eng,1,False
OL10079357M,Mastering A+ Certification and Lab Manual (Install Computer/Network/System Installation Certification),James L. Antonakos; Kenneth C. Mansfield,2002.0,1,eng,1,False
OL10079439W,Metaphors In Medical Texts.(Utrecht Studies in Language and Communication 8),Geraldine W. van Rijn-Van Tongeren,1997.0,1,eng,1,False
OL10079441W,regulae Ad Directionem Ingenii,René Descartes,1998.0,2,lat,2,False
OL10079471W,Operative Chymist.,Anthony MORSON,1997.0,2,eng,1,True
OL10079496W,The Reopening Of The American Mind,James W. Vice,1998.0,3,eng,1,True
OL100794W,Social Problems (7th Edition),James M. Henslin,2005.0,2,eng,1,True
OL10079501M,"Computers, Brief Edition",Larry Long; Nancy Long,1998.0,1,eng,1,False
OL10079511W,The Final Curtain,Harry Garlick,1999.0,1,eng,1,False
OL10079602W,Idealization,Izabella Nowakowa,2000.0,1,eng,1,False
OL10079603W,Idealization Vthe Dynamics of Idealizations (Poznan Studies in the Philosophy of the Sciences and the Humanities),Izabella Nowakowa,1994.0,1,eng,1,False
OL10079604W,Idealization X,Izabella Nowakowa,2000.0,1,eng,1,False
OL10079649W,Traiano Boccalini und der Anti-Parnass,Bettina Bosold-DasGupta,2004.0,1,Unknown,0,False
OL10079665W,Fichtes letzte Darstellungen der Wissenschaftslehre: Beitraege zum Fuenften Internationalen Fichte-Kongress,Günter Zöller,2006.0,1,ger,1,False
OL10079697W,Monsters and the Monstrous,Niall Scott,2007.0,1,eng,1,False
OL10079754M,Pre-Hospital Emergency Care and Anthrax,Hafen; Karren,2000.0,1,eng,1,False
OL10079769M,Fire Prevention,Daniel Limmer; James Crawford,2002.0,1,eng,1,False
OL10079770M,"Kirk's Fire Investigation, Valuepack",Daniel Limmer; John D. DeHaan,2002.0,1,eng,1,False
OL10079778M,Automotive Textbook,Unknown,2002.0,1,eng,1,False
OL10079810M,Select Series,Harry Fisher; Ray Schweighofer,2002.0,1,eng,1,False
OL1008003W,Utopia e paixão,"Freire, Roberto.",1984.0,2,por,1,False
OL10080151W,Ioannis Buridani Expositio et Quaestiones in Aristotelis Physicam ad Albertum de Saxonia Attributae.  Tome I,Patar B.,1999.0,1,fre,2,False
OL10080153W,Ioannis Buridani Expositio et Quaestiones in Aristotelis Physicam ad Albertum de Saxonia Attributae.  Tome III,Patar B.,1999.0,1,Unknown,0,False
OL10080161W,Les doctrines de la science de l'antiquité à l'âge classique,Rashed R.,1999.0,1,Unknown,0,False
OL10080178W,LA Mecanique Hegelienne,N. Fevrier,2000.0,1,fre,1,False
OL10080236M,Physical Science,Unknown,2004.0,1,eng,1,False
OL10080262M,Physical Science,Unknown,2007.0,1,eng,1,False
OL10080279M,Physical Science,Unknown,2004.0,1,eng,1,False
OL10080294W,Spatialisation En Art Et Sciences Humaines,M. Sobieszczanski,2003.0,2,fre,1,False
OL10080321M,Civics Itext,James E. Davis; Phyllis Maxey Fernlund,2004.0,1,eng,1,False
OL10080335M,Civics Itext,James E. Davis; Phyllis Maxey Fernlund,2004.0,1,eng,1,False
OL10080350M,Civics and Economics,James E. Davis; Phillis Maxey Fernlund,2004.0,1,eng,1,False
OL100803W,Social problems,James M. Henslin,1983.0,9,eng,1,True
OL10080420W,The Reporting Procedure Under the Covenant on Civil and Political Rights,Ineke Boerefijn,1999.0,1,eng,1,False
OL10080435M,Carbon Disulfide in Organic Chemistry (Ellis Horwood Books in Organic Chemistry),A. D. Dunn; W. D. Rudorf,1989.0,1,eng,1,False
OL10080509W,"Science, Nature, and Ethics",Peter P. Kirschenmann,2001.0,2,eng,1,False
OL10080514W,Policy Analysis in Multi-Actor Policy Settings,Odette van de Riet,2007.0,1,eng,1,False
OL10080532M,Both Sides of the Bars,Richard P. Seiter; Kevin Walsh,2006.0,1,eng,1,False
OL10080613W,Wetenschapsgeschiedenis In Perspectief,B. En L.C. PALM Theunissen,1989.0,1,dut,1,False
OL10080675W,LA Parole Aux Africaines Ou L'Idee De Pouvoir Chez Les Romancieres D'Expression Francaise De L'Afrique Sub-Saharienne,Jean-Marie Volet,1993.0,1,fre,1,False
OL10080702W,Kritik Der Neuzeitlichen Naturwissenschaft.Phanomenologie in der Alternative zwischen Husserl und Heidegger.,Ismail El Mossadeq,1995.0,1,ger,1,False
OL10080753W,Knowledge Acquisition for Knowledge Based Systems (Frontiers in Artificial Intelligence and Applications),Motoda,1991.0,2,eng,1,False
OL10080792M,Chemistry Small-scale Lab Manual 5-pack,Antony C. Wilbraham; Dennis D. Staley; Michael S. Matta; Edward L. Waterman,2004.0,1,eng,1,False
OL10080795W,"Science and Technology Management (NATO: Science and Technology Policy, 22) (Nato: Science and Technology Policy, 22)",Romania) NATO Advanced Research Workshop on Science and Technology Management (1997 : Sinaia,1998.0,2,eng,1,False
OL10080804W,"Knowledge-Based Software Engineering, (Frontiers in Artificial Intelligence and Applications, 48)",P. Navrat,1998.0,1,eng,1,False
OL10080828W,Produits fermiers,Pierre Stassart; Marc Mormont,2003.0,2,fre,1,False
OL10080850M,Chemical Processes in Waste Water Treatment (Water and Wastewater Technology),W. J. Eilbeck; G. Mattock,1987.0,1,eng,1,False
OL10080854W,Importance Of Ideals,Wibren Van Der Burg,2004.0,1,eng,1,False
OL10080885W,Le Developpement Durable,Edwin Zaccai,2003.0,1,Unknown,0,False
OL10080936M,Thinking Through Design,Henry Sayre; Edward McDonald,2001.0,1,eng,1,False
OL10080937M,World Studies,Unknown,2007.0,1,eng,1,False
OL10080963W,Child Labour,Kristoffel Lieten,2005.0,1,eng,1,True
OL10080979M,World Studies,Unknown,2007.0,1,eng,1,False
OL10080984M,World Studies,Unknown,2007.0,1,eng,1,False
OL10081052W,Variabelen en modellen,Ad Nooij,1995.0,1,dut,1,False
OL10081067W,The Rhythm of Strategy,Marleen Dieleman,2007.0,4,eng,1,False
OL10081068W,Exploring 'Unseen' Social Capital in Community Participation,Sam Wong,2007.0,3,eng,1,False
OL10081085W,Climate Strategy,The Netherlands Scientific Council for Government Policy,2008.0,1,eng,1,False
OL10081089W,Rediscovering Europe in the Netherlands,The Netherlands Scientific Council for Government Policy,2008.0,1,eng,1,True
OL10081113W,Survival Guide for Scientists,Ad Lagendijk,2008.0,2,eng,1,False
OL10081130W,Science and culture for members only,Donna C. Mehos,2004.0,5,eng,1,False
OL10081131W,The Reform of Bismarckian Pension Systems,Martin Schludi,2005.0,4,eng,1,False
OL10081132M,World Geography,Unknown,2007.0,1,eng,1,False
OL10081152W,The Immigrant Organising Process,"Vermeulen, Floris",2006.0,3,eng,1,False
OL10081165W,The shifts in Hizbullah's ideology,Joseph Alagha,2006.0,4,eng,1,False
OL10081171W,Risks in the Making,Ine Van Hoyweghen,2006.0,4,eng,1,False
OL10081172W,Navigating Borders,"Liempt, Ilse van",2007.0,2,eng,1,False
OL10081173W,"Feeling Threatened, Muslim-Chritian Relations In Indonesia's New Order",Mujiburrahman,2006.0,1,eng,1,False
OL10081176W,Dynamic Entrepreneurship,"Rusinovic, Katja",2006.0,3,eng,1,True
OL10081211W,Social Science in Southeast Asia,Nico Schulte Nordholt,1995.0,2,eng,1,False
OL1008123W,Interpretações da vida social,Fábio Lucas,1995.0,1,por,1,False
OL10081243W,Ground Freezing 91-V1,Xiang,1991.0,1,eng,1,False
OL10081244W,Ground Freezing 91-V2,Xiang,1993.0,1,eng,1,False
OL1008124W,Intérpretes da vida social,Fábio Lucas,1968.0,1,por,1,False
OL10081271W,Numiform 92numerical Meth in Industr,Chenot,1992.0,1,eng,1,True
OL10081274M,World Geography Reading And Vocabulary Study Guide,Unknown,2006.0,1,eng,1,False
OL10081298W,Elementary mechanics of soil behavior,Jean Biarez; Pierre-Yves Hicher,1994.0,2,eng,1,False
OL10081313W,PROTECTION EARTH SLOPES HYDRAULIC (Geotechnika),D. Morozova,1996.0,1,eng,1,False
OL10081339M,Physical Science Concepts in Action,David Frank; Michael Wysession; Sophia Yancopoulos,2004.0,1,eng,1,False
OL10081343W,Application Fractals Earth Science,Dimri,2000.0,2,eng,1,False
OL10081422W,ARTIFICIAL NEURAL NETWORKS AS SUBSY (IHE Thesis Series),Anthony W Minns,1998.0,1,eng,1,False
OL10081436W,Tracing Technique in Geohydrology,Werner Käss,1998.0,1,eng,1,False
OL10081452W,Artificial neural networks as subsymbolic process descriptors,Anthony W. Minns,1998.0,1,eng,1,False
OL10081457W,Sensors & Environmental Applications Of,Askne,1995.0,1,eng,1,True
OL10081496M,Getting Started with Computer Concepts,Digital Content Factory; Digital Content Factory,2002.0,1,eng,1,False
OL10081518W,Petroleum Bioventing,J. van Eyk,1997.0,5,eng,1,False
OL10081528M,Society,John J. Macionis; Henry Borne,2003.0,1,eng,1,False
OL10081530W,HYDROLOGICAL PROBLEMS & ENVIRONMENTAL,Krecek,1996.0,2,eng,1,False
OL10081543W,Handbook Pedology,Ph. Duchaufour; Philippe Duchaufour,1998.0,2,eng,1,False
OL10081557W,Engineer Sport,Haake,1996.0,1,eng,1,False
OL10081558W,Ke xue ji shu she hui xue,Yuguang Guo,1988.0,1,cmn,1,False
OL10081596W,Ship Collision Analysis (Proc Intl Symp,Gluver,1998.0,1,eng,1,False
OL10081642W,Les Dimensions Sccientifiques,Naim-Gesbert,2000.0,1,fre,1,False
OL10081656W,Een Vierde Weg,Gatz S,2001.0,1,Unknown,0,False
OL10081697W,Abstract Compositional Analysis of Iterated Relations,Frederic Geurts,1998.0,2,eng,1,False
OL10081740M,"Anywhere, Anytime Chemistry",Doris R Kimbrough; James H Reeves,2005.0,1,eng,1,False
OL10081745W,Automated Reasoning with Analytic Tableaux and Related Methods,Neil V. Murray,1999.0,2,eng,1,True
OL10081757W,Modelling Spatial Processes,Michael Tiefelsdorf,2000.0,2,eng,1,True
OL10081769W,Financial Cryptography,Matthew Franklin,1999.0,2,eng,1,False
OL10081828W,Multiparameter Equations of State,Roland Span,2000.0,3,eng,1,False
OL10081846W,Logic-Based Program Synthesis and Transformation,Annalisa Bossi,2000.0,2,eng,1,False
OL10081870W,Developments on Experimental Economics,Sobei Hidenori Oda,2007.0,1,eng,1,False
OL10081872W,Neural Preprocessing and Control of Reactive Walking Machines,Poramate Manoonpong,2007.0,4,eng,1,False
OL10081875W,Critical Information Infrastructures Security,Javier Lopez,2007.0,4,eng,1,False
OL10081892W,Tsunami and Nonlinear Waves,Anjan Kundu,2007.0,2,eng,1,False
OL10081893W,Meteorologie,Brigitte Klose,2008.0,6,ger,1,False
OL10081898W,Creative Chemical Sensor Systems,Thomas Schrader,2007.0,3,eng,1,False
OL10081903W,The Soils of Israel,Arieh Singer,2007.0,4,eng,1,True
OL10081905W,Territorial Cohesion (German Annual of Spatial Research and Policy),Dietmar Scholich,2008.0,1,eng,1,False
OL10081912W,Applied Charged Particle Optics,Helmut Liebl,2007.0,3,eng,1,False
OL10081942W,Maritime work law fundamentals,Iliana Christodoulou-Varotsi,2007.0,3,eng,1,True
OL10081943M,Engineering Mechanics,Anthony Bedford; Wallace Fowler,2004.0,1,eng,1,False
OL10081944W,Experimental Algorithms,Camil Demetrescu,2007.0,3,eng,1,False
OL10081956W,Risk-Averse Capacity Control in Revenue Management,Christiane Barz,2007.0,3,eng,1,False
OL10081960W,Human-Computer Interaction.HCI Applications and Services,Julie A. Jacko,2007.0,2,eng,1,False
OL10081961W,Human-Computer Interaction.HCI Intelligent Multimodal Interaction Environments,Julie A. Jacko,2007.0,1,eng,1,False
OL10081963W,Human-Computer Interaction. Interaction Platforms and Techniques,Julie A. Jacko,2007.0,2,eng,1,False
OL10081974W,"Anesthesia, Pain, Intensive Care And Medicine - A.p.i.c.e",A Gullo,1997.0,1,eng,1,False
OL10081990W,Facing reality,John C Eccles,1975.0,1,eng,1,True
OL10082041W,Algebraic Logic and Universal Algebra in Computer Science,Clifford H. Bergnan,1990.0,1,Unknown,0,False
OL10082213M,Introductory Chemistry- Package,Unknown,2005.0,1,eng,1,False
OL10082246W,Lob der Elite,Heike Schmoll,2008.0,1,ger,1,False
OL10082367M,Computer Graphics and Games for Kids,Pat Cassidy; Jim Close,1984.0,1,Unknown,0,False
OL1008248W,Formação da politica burgueza,Miguel Reale,1934.0,1,ita,1,False
OL10082497M,Mathematics,Unknown,2004.0,1,eng,1,False
OL10082596M,Prentice Hall Science Explorer,Unknown,2007.0,1,eng,1,False
OL10082597M,Prentice Hall Science Explorer,Unknown,2007.0,1,eng,1,False
OL10082599M,Prentice Hall Science Explorer,Unknown,2007.0,1,eng,1,False
OL10082600M,Prentice Hall Science Explorer,Unknown,2007.0,1,eng,1,False
OL10082601M,Prentice Hall Science Explorer,Unknown,2007.0,1,eng,1,False
OL10082602M,Prentice Hall Science Explorer,Unknown,2007.0,1,eng,1,False
OL10082603M,Prentice Hall Science Explorer,Unknown,2007.0,1,eng,1,False
OL10082604M,Prentice Hall Science Explorer,Unknown,2007.0,1,eng,1,False
OL10082605M,Prentice Hall Science Explorer,Unknown,2007.0,1,eng,1,False
OL10082606M,Prentice Hall Science Explorer,Unknown,2007.0,1,eng,1,False
OL10082607M,Prentice Hall Science Explorer,Unknown,2007.0,1,eng,1,False
OL10082608M,Prentice Hall Science Explorer,Unknown,2007.0,1,eng,1,False
OL10082609M,Prentice Hall Science Explorer,Unknown,2007.0,1,eng,1,False
OL10082610M,Prentice Hall Science Explorer,Unknown,2007.0,1,eng,1,False
OL10082611M,Prentice Hall Science Explorer,Unknown,2007.0,1,eng,1,False
OL10082612M,Prentice Hall Science Explorer,Unknown,2007.0,1,eng,1,False
OL10082613M,Prentice Hall Science Explorer,Unknown,2007.0,1,eng,1,False
OL10082614M,Prentice Hall Science Explorer,Unknown,2007.0,1,eng,1,False
OL10082615M,Prentice Hall Science Explorer,Unknown,2007.0,1,eng,1,False
OL10082616M,Prentice Hall Science Explorer,Unknown,2007.0,1,eng,1,False
OL10082617M,Prentice Hall Science Explorer,Unknown,2007.0,1,eng,1,False
OL10082619M,Prentice Hall Science Explorer,Unknown,2007.0,1,eng,1,False
OL10082620M,Prentice Hall Chemistry,Anthony C. Wilbraham; Dennis D. Staley; Michael C. Matta; Edward L. Waterman,2004.0,1,eng,1,False
OL10082623M,Science Explorer,Unknown,2007.0,1,eng,1,False
OL10082624M,Student Express,Unknown,2005.0,1,eng,1,False
OL10082625M,Science Explorer,Unknown,2007.0,1,eng,1,False
OL10082626M,Prentice Hall Biology - (6-year Online Access),Kenneth Miller; Joseph Levine,2006.0,1,eng,1,False
OL10082627M,Science Explorer,Unknown,2005.0,1,eng,1,False
OL10082628M,Science Explorer,Unknown,2007.0,1,eng,1,False
OL10082629M,Science Explorer,Unknown,2007.0,1,eng,1,False
OL10082665M,Magruder's American Government,Unknown,2005.0,1,eng,1,False
OL10082683M,World Geography,Unknown,2007.0,1,eng,1,False
OL10082684M,Magruder's American Government,Unknown,2006.0,1,eng,1,False
OL10082692M,World Geography,Unknown,2007.0,1,eng,1,False
OL10082701M,World Studies,Unknown,2007.0,1,eng,1,False
OL10082708M,World Studies,Unknown,2007.0,1,eng,1,False
OL10082709M,Civics,Unknown,2007.0,1,eng,1,False
OL10082711M,Civics,Unknown,2007.0,1,eng,1,False
OL10082725M,Mech Vibrtn&Intro Matlab (4th Edition),RAO,2004.0,1,eng,1,False
OL10082741M,Bio,Unknown,2004.0,1,eng,1,False
OL10082743M,Bio,Unknown,2004.0,1,eng,1,False
OL10082746M,Bio,Unknown,2004.0,1,eng,1,False
OL1008283W,Obras políticas,Miguel Reale,1983.0,2,por,1,False
OL1008286W,Pluralismo e liberdade,Miguel Reale,1963.0,2,spa,2,False
OL10082977M,Test Bank File Item Gen.7.2 for Digital Systems (Principles & Applications),Unknown,2007.0,1,eng,1,False
OL10082991W,Religionsunterricht und Dialog,Thorsten Knauth,1996.0,1,ger,1,False
OL10082995M,"Conceptual Physical Science Explorations, Media Update",Unknown,,1,eng,1,False
OL10083038M,Cultural Anthropology and Discovering Anthropology,Unknown,2007.0,1,eng,1,False
OL10083108M,Solid Modeling with Inventor,Sheryl A. Sorby; John Zarling,2007.0,1,eng,1,False
OL10083117M,Spss Gde Data Analysis(Old Ver Spss,Unknown,1990.0,1,Unknown,0,False
OL10083124M,Spss-X Advanced Stats Spss,Unknown,1993.0,1,Unknown,0,False
OL10083137M,"Clinical Companion, Disaster Nursing",Langan; James,2005.0,1,Unknown,0,False
OL10083138M,"Spss for Vax, Vms",Unknown,1990.0,1,eng,1,False
OL10083149M,Real World Investigations for Social Studies,Unknown,2004.0,1,eng,1,False
OL10083174M,Drafters' Guide to Autocad,Jon M. Duff; William A. Ross,2005.0,1,eng,1,False
OL10083398M,Prentice Hall Biology,Unknown,2007.0,1,eng,1,False
OL10083398W,Individuelle Identität und kulturelle Praxis. Politische Philosophie nach Charles Taylor,Hartmut Rosa,1998.0,1,ger,1,False
OL10083404M,Prentice Hall Biology,Unknown,2007.0,1,eng,1,False
OL10083410M,Prentice Hall Science Explorer,Unknown,2005.0,1,eng,1,False
OL10083411M,Science Explorer,Unknown,2004.0,1,eng,1,False
OL10083412M,Science Explorer,Unknown,2004.0,1,eng,1,False
OL10083413M,Prentice Hall Science Explorer,Unknown,2004.0,1,eng,1,False
OL10083414W,"Naturwissenschaftliche Weltbilder in Managementtheorien. Chaostheorie, Selbstorganisation, Autopoiesis",Michael Flämig,1998.0,1,ger,1,False
OL10083418M,Prentice Hall Science Explorer,Unknown,2007.0,1,eng,1,False
OL10083420M,Prentice Hall Science Explorer,Unknown,2007.0,1,eng,1,False
OL10083421M,Prentice Hall Science Explorer,Unknown,2007.0,1,eng,1,False
OL10083422M,Prentice Hall Science Explorer,Unknown,2007.0,1,eng,1,False
OL10083423M,Prentice Hall Science Explorer,Unknown,2007.0,1,eng,1,False
OL10083424M,Prentice Hall Science Explorer,Unknown,2007.0,1,eng,1,False
OL10083425M,Prentice Hall Science Explorer,Unknown,2007.0,1,eng,1,False
OL10083426M,Prentice Hall Science Explorer,Unknown,2007.0,1,eng,1,False
OL10083427M,Prentice Hall Science Explorer,Unknown,2007.0,1,eng,1,False
OL10083428M,Chemical Building Blocks - Interactive Textbook (6 Year Online Access),Michael J. Padilla; Ioannis Miaoulis; Martha Cyr,2006.0,1,eng,1,False
OL10083429M,Prentice Hall Science Explorer,Unknown,2007.0,1,eng,1,False
OL10083430M,Prentice Hall Science Explorer,Unknown,2007.0,1,eng,1,False
OL10083430W,"Wiener Vorlesungen im Rathaus, Bd. 123: Islam auf dem Balkan: Realit aten,  Angste und Projektionen",Michael Daxner,,1,ger,1,False
OL10083431M,Prentice Hall Science Explorer,Unknown,2007.0,1,eng,1,False
OL10083432M,Prentice Hall Science Explorer,Unknown,2007.0,1,eng,1,False
OL10083432W,Mikropolitik und Moral. Die Bedeutung persönlicher Macht für eine Ethik in Unternehmen,Marcus O. Mohr,1999.0,1,ger,1,False
OL10083437M,Prentice Hall Life Science,Unknown,2005.0,1,eng,1,False
OL10083442M,Science Explorer,Unknown,2005.0,1,eng,1,False
OL10083443M,Animals,Unknown,2005.0,1,eng,1,False
OL10083444M,From Cells to Heredity,Unknown,2005.0,1,eng,1,False
OL10083445M,Science Explorer,Unknown,2005.0,1,eng,1,False
OL10083446M,Environmental Science,Unknown,2005.0,1,eng,1,False
