term,document_frequency,total_count,total_tfidf
flight,320,370,66.6324
thanks,85,87,35.1195
get,100,106,26.4001
thank,49,53,24.408
hour,82,86,23.1875
service,76,78,21.1859
cancelled,73,80,19.8546
help,65,65,19.6679
bag,62,71,19.3506
need,63,67,19.2997
customer,62,65,19.2054
time,63,69,18.5916
please,49,52,17.1133
one,49,53,15.6738
ca,53,58,15.6409
call,43,50,15.3368
plane,49,52,15.2278
still,48,48,15.1556
hold,44,46,15.1088
seat,43,52,14.9996
airline,44,45,14.6719
back,48,48,14.6587
would,42,45,14.2446
got,41,41,13.7679
guy,35,36,13.6164
phone,43,43,13.0174
waiting,36,38,13.0101
day,42,45,12.9464
change,36,42,12.8018
flightled,42,43,12.6902
like,34,36,12.5659
dm,25,25,12.5584
gate,32,36,11.8891
trying,35,36,11.8762
great,30,30,11.8687
go,33,35,11.6726
amp,39,41,11.5955
love,29,30,11.5848
new,31,31,11.5236
late,36,38,11.2851
