chapter,passage_count,average_words,topic_count
Part 10: Majors and Courses,627,87.3,8
Part 11: Academic Calendar 2021-22,6,63.2,1
Part 12: Useful Contacts,1,122.0,1
Part 1: General Information,19,85.1,4
Part 2: A Liberal Arts Education at Duke Kunshan University,5,90.4,2
Part 3: The Curriculum,38,89.8,3
"Part 4: Admission, Scholarships and Financial Aid",13,52.8,3
Part 5: Financial Information,17,58.6,3
Part 6: Academic Procedures and Information,161,91.7,3
Part 7: Academic Advising and Support,13,76.3,2
"Part 8: Career Services, Study Away, and Research Opportunities",27,78.0,3
Part 9: Student Affairs and Campus Life,30,76.6,4
